2026-05-05,2026-05-05T22:17:11.897901-04:00,Brazil,Brazil 6.625% 15-Mar-2035 USD,"https://bondblox.com/bond-market/Brazil,-Federative-Republic-Of-(Government)-US105756CL22",6.06,4.43,163.0,BRL=X,https://finance.yahoo.com/quote/BRL=X/,4.908699989318848,-1.7139519292222904,-4.468403076672944,-11.025923276670646,BondBloX,US Treasury,Yahoo Finance via yfinance,OK,
2026-05-05,2026-05-05T22:17:13.370145-04:00,Colombia,Colombia 8.500% 25-Apr-2035 USD,"https://bondblox.com/bond-market/Colombia,-Republic-Of-(Government)-US195325ES00",6.78,4.43,235.0,COP=X,https://finance.yahoo.com/quote/COP=X/,3697.469970703125,2.417318173829175,0.4351551628767991,-1.8772836696386075,BondBloX,US Treasury,Yahoo Finance via yfinance,OK,
2026-05-05,2026-05-05T22:17:14.321066-04:00,Chile,Chile 3.500% 31-Jan-2034 USD,"https://bondblox.com/bond-market/Chile,-Republic-Of-(Government)-US168863DV76",4.91,4.43,48.0,CLP=X,https://finance.yahoo.com/quote/CLP=X/,911.719970703125,2.0346031652570318,-0.8320942008867016,1.3427544193227225,BondBloX,US Treasury,Yahoo Finance via yfinance,OK,
2026-05-05,2026-05-05T22:17:15.358327-04:00,Peru,Peru 5.375% 8-Feb-2035 USD,"https://bondblox.com/bond-market/Peru,-Republic-Of-(Government)-US715638EB48",5.26,4.43,83.0,PEN=X,https://finance.yahoo.com/quote/PEN=X/,3.4867000579833984,-0.8051222212281495,1.8758265845257416,5.72546967011669,BondBloX,US Treasury,Yahoo Finance via yfinance,OK,
2026-05-05,2026-05-05T22:17:16.364924-04:00,Argentina,Argentina 4.125% 9-Jul-2035 USD,"https://bondblox.com/bond-market/Argentina,-Republic-Of-(Government)-US040114HT09",8.97,4.43,454.0,ARS=X,https://finance.yahoo.com/quote/ARS=X/,1392.5,-0.8709300641151163,0.4519446352631684,-3.9512131007522266,BondBloX,US Treasury,Yahoo Finance via yfinance,OK,
2026-05-06,2026-05-06T20:12:23.022787-04:00,Brazil,Brazil 6.625% 15-Mar-2035 USD,"https://bondblox.com/bond-market/Brazil,-Federative-Republic-Of-(Government)-US105756CL22",6.06,4.36,170.0,BRL=X,https://finance.yahoo.com/quote/BRL=X/,4.927299976348877,-1.3415276166085177,-4.106415897257154,-10.688783774019473,BondBloX,US Treasury,Yahoo Finance via yfinance,OK,
2026-05-06,2026-05-06T20:12:24.582464-04:00,Colombia,Colombia 8.500% 25-Apr-2035 USD,"https://bondblox.com/bond-market/Colombia,-Republic-Of-(Government)-US195325ES00",6.78,4.36,242.0,COP=X,https://finance.yahoo.com/quote/COP=X/,3712.85009765625,2.8433368753177923,0.8529287889512016,-1.4691289459751067,BondBloX,US Treasury,Yahoo Finance via yfinance,OK,
2026-05-06,2026-05-06T20:12:25.679301-04:00,Chile,Chile 3.500% 31-Jan-2034 USD,"https://bondblox.com/bond-market/Chile,-Republic-Of-(Government)-US168863DV76",4.91,4.36,55.0,CLP=X,https://finance.yahoo.com/quote/CLP=X/,904.8200073242188,1.5373925264946742,-1.2172848167006145,0.5757850464005232,BondBloX,US Treasury,Yahoo Finance via yfinance,OK,
2026-05-06,2026-05-06T20:12:26.793673-04:00,Peru,Peru 5.375% 8-Feb-2035 USD,"https://bondblox.com/bond-market/Peru,-Republic-Of-(Government)-US715638EB48",5.26,4.36,90.0,PEN=X,https://finance.yahoo.com/quote/PEN=X/,3.48799991607666,-0.7681419067340434,1.9138063692767826,5.76488461981961,BondBloX,US Treasury,Yahoo Finance via yfinance,OK,
2026-05-06,2026-05-06T20:12:27.961927-04:00,Argentina,Argentina 4.125% 9-Jul-2035 USD,"https://bondblox.com/bond-market/Argentina,-Republic-Of-(Government)-US040114HT09",8.97,4.36,461.0,ARS=X,https://finance.yahoo.com/quote/ARS=X/,1392.4598388671875,-0.8737890484908917,0.44904749781988773,-3.9539832465957714,BondBloX,US Treasury,Yahoo Finance via yfinance,OK,
2026-05-07,2026-05-07T20:14:00.205592-04:00,Brazil,Brazil 6.625% 15-Mar-2035 USD,"https://bondblox.com/bond-market/Brazil,-Federative-Republic-Of-(Government)-US105756CL22",6.05,4.41,164.0,BRL=X,https://finance.yahoo.com/quote/BRL=X/,4.929900169372559,-0.796858737509476,-3.3390847610228036,-10.641653215197799,BondBloX,US Treasury,Yahoo Finance via yfinance,OK,
2026-05-07,2026-05-07T20:14:01.577732-04:00,Colombia,Colombia 8.500% 25-Apr-2035 USD,"https://bondblox.com/bond-market/Colombia,-Republic-Of-(Government)-US195325ES00",6.73,4.41,232.0,COP=X,https://finance.yahoo.com/quote/COP=X/,3729.06005859375,2.024031728101039,2.2941087477022837,-1.0389522545078633,BondBloX,US Treasury,Yahoo Finance via yfinance,OK,
2026-05-07,2026-05-07T20:14:02.429953-04:00,Chile,Chile 3.500% 31-Jan-2034 USD,"https://bondblox.com/bond-market/Chile,-Republic-Of-(Government)-US168863DV76",4.89,4.41,48.0,CLP=X,https://finance.yahoo.com/quote/CLP=X/,896.1199951171875,-0.9231899185604076,-2.219412343998095,-0.39126978279478974,BondBloX,US Treasury,Yahoo Finance via yfinance,OK,
2026-05-07,2026-05-07T20:14:03.209766-04:00,Peru,Peru 5.375% 8-Feb-2035 USD,"https://bondblox.com/bond-market/Peru,-Republic-Of-(Government)-US715638EB48",5.22,4.41,81.0,PEN=X,https://finance.yahoo.com/quote/PEN=X/,3.456899881362915,-1.442624457389552,2.260014831955637,4.821853753330507,BondBloX,US Treasury,Yahoo Finance via yfinance,OK,
2026-05-07,2026-05-07T20:14:04.701794-04:00,Argentina,Argentina 4.125% 9-Jul-2035 USD,"https://bondblox.com/bond-market/Argentina,-Republic-Of-(Government)-US040114HT09",8.94,4.41,453.0,ARS=X,https://finance.yahoo.com/quote/ARS=X/,1395.0,0.15886463061212108,0.5766339465325787,-3.778773626965426,BondBloX,US Treasury,Yahoo Finance via yfinance,OK,
2026-05-08,2026-05-08T21:15:40.928900-04:00,Brazil,Brazil 6.625% 15-Mar-2035 USD,"https://bondblox.com/bond-market/Brazil,-Federative-Republic-Of-(Government)-US105756CL22",,4.38,,BRL=X,https://finance.yahoo.com/quote/BRL=X/,4.894499778747559,-1.5092118950311595,-4.033182823877757,-11.283313344836653,BondBloX,US Treasury,Yahoo Finance via yfinance,PARTIAL_FAIL,"Bond: BondBloX HTTP error: 403 Client Error: Forbidden for url: https://bondblox.com/bond-market/Brazil,-Federative-Republic-Of-(Government)-US105756CL22"
2026-05-08,2026-05-08T21:15:42.514479-04:00,Colombia,Colombia 8.500% 25-Apr-2035 USD,"https://bondblox.com/bond-market/Colombia,-Republic-Of-(Government)-US195325ES00",,4.38,,COP=X,https://finance.yahoo.com/quote/COP=X/,3732.89990234375,2.115956627113369,2.1847206757282356,-0.9370512513842244,BondBloX,US Treasury,Yahoo Finance via yfinance,PARTIAL_FAIL,"Bond: BondBloX HTTP error: 403 Client Error: Forbidden for url: https://bondblox.com/bond-market/Colombia,-Republic-Of-(Government)-US195325ES00"
2026-05-08,2026-05-08T21:15:43.414485-04:00,Chile,Chile 3.500% 31-Jan-2034 USD,"https://bondblox.com/bond-market/Chile,-Republic-Of-(Government)-US168863DV76",,4.38,,CLP=X,https://finance.yahoo.com/quote/CLP=X/,892.22998046875,-0.9150766269241495,-0.5572707230968588,-0.8236665843040836,BondBloX,US Treasury,Yahoo Finance via yfinance,PARTIAL_FAIL,"Bond: BondBloX HTTP error: 403 Client Error: Forbidden for url: https://bondblox.com/bond-market/Chile,-Republic-Of-(Government)-US168863DV76"
2026-05-08,2026-05-08T21:15:44.509295-04:00,Peru,Peru 5.375% 8-Feb-2035 USD,"https://bondblox.com/bond-market/Peru,-Republic-Of-(Government)-US715638EB48",,4.38,,PEN=X,https://finance.yahoo.com/quote/PEN=X/,3.4335999488830566,-2.1069133504278748,1.5707696924537995,4.1153415028504,BondBloX,US Treasury,Yahoo Finance via yfinance,PARTIAL_FAIL,"Bond: BondBloX HTTP error: 403 Client Error: Forbidden for url: https://bondblox.com/bond-market/Peru,-Republic-Of-(Government)-US715638EB48"
2026-05-08,2026-05-08T21:15:45.356801-04:00,Argentina,Argentina 4.125% 9-Jul-2035 USD,"https://bondblox.com/bond-market/Argentina,-Republic-Of-(Government)-US040114HT09",,4.38,,ARS=X,https://finance.yahoo.com/quote/ARS=X/,1397.5,0.3383608037852648,0.7568788102360502,-3.6063341531786253,BondBloX,US Treasury,Yahoo Finance via yfinance,PARTIAL_FAIL,"Bond: BondBloX HTTP error: 403 Client Error: Forbidden for url: https://bondblox.com/bond-market/Argentina,-Republic-Of-(Government)-US040114HT09"
2026-05-11,2026-05-11T21:16:39.901737-04:00,Brazil,Brazil 6.625% 15-Mar-2035 USD,"https://bondblox.com/bond-market/Brazil,-Federative-Republic-Of-(Government)-US105756CL22",6.03,4.42,161.0,BRL=X,https://finance.yahoo.com/quote/BRL=X/,4.913300037384033,-0.7800809402223274,-3.5813785532944897,-10.942543760633116,BondBloX,US Treasury,Yahoo Finance via yfinance,OK,
2026-05-11,2026-05-11T21:16:41.505856-04:00,Colombia,Colombia 8.500% 25-Apr-2035 USD,"https://bondblox.com/bond-market/Colombia,-Republic-Of-(Government)-US195325ES00",6.84,4.42,242.0,COP=X,https://finance.yahoo.com/quote/COP=X/,3748.7099609375,2.548451282707509,2.61750656968025,-0.5174870880907179,BondBloX,US Treasury,Yahoo Finance via yfinance,OK,
2026-05-11,2026-05-11T21:16:42.439529-04:00,Chile,Chile 3.500% 31-Jan-2034 USD,"https://bondblox.com/bond-market/Chile,-Republic-Of-(Government)-US168863DV76",4.86,4.42,44.0,CLP=X,https://finance.yahoo.com/quote/CLP=X/,892.1799926757812,-0.7862115456456764,0.06280675194145768,-0.8292230060010675,BondBloX,US Treasury,Yahoo Finance via yfinance,OK,
2026-05-11,2026-05-11T21:16:43.577538-04:00,Peru,Peru 5.375% 8-Feb-2035 USD,"https://bondblox.com/bond-market/Peru,-Republic-Of-(Government)-US715638EB48",5.21,4.42,79.0,PEN=X,https://finance.yahoo.com/quote/PEN=X/,3.426800012588501,-2.203194550447951,3.787859750672995,3.909150420591212,BondBloX,US Treasury,Yahoo Finance via yfinance,OK,
2026-05-11,2026-05-11T21:16:44.536611-04:00,Argentina,Argentina 4.125% 9-Jul-2035 USD,"https://bondblox.com/bond-market/Argentina,-Republic-Of-(Government)-US040114HT09",8.63,4.42,421.0,ARS=X,https://finance.yahoo.com/quote/ARS=X/,1402.0323486328125,0.6634147709569493,1.4511854706029226,-3.2937118278744237,BondBloX,US Treasury,Yahoo Finance via yfinance,OK,
2026-05-12,2026-05-12T21:23:30.242973-04:00,Brazil,Brazil 6.625% 15-Mar-2035 USD,"https://bondblox.com/bond-market/Brazil,-Federative-Republic-Of-(Government)-US105756CL22",6.05,4.46,159.0,BRL=X,https://finance.yahoo.com/quote/BRL=X/,4.892000198364258,-0.7164121964170822,-2.0502928389645403,-11.328620219830821,BondBloX,US Treasury,Yahoo Finance via yfinance,OK,
2026-05-12,2026-05-12T21:23:31.234557-04:00,Colombia,Colombia 8.500% 25-Apr-2035 USD,"https://bondblox.com/bond-market/Colombia,-Republic-Of-(Government)-US195325ES00",6.88,4.46,242.0,COP=X,https://finance.yahoo.com/quote/COP=X/,3772.590087890625,1.6090062529614757,4.845718821984812,0.11623893038155142,BondBloX,US Treasury,Yahoo Finance via yfinance,OK,
2026-05-12,2026-05-12T21:23:32.105951-04:00,Chile,Chile 3.500% 31-Jan-2034 USD,"https://bondblox.com/bond-market/Chile,-Republic-Of-(Government)-US168863DV76",4.88,4.46,42.0,CLP=X,https://finance.yahoo.com/quote/CLP=X/,897.219970703125,-1.5904006126812753,0.31080544856343373,-0.2690013678702585,BondBloX,US Treasury,Yahoo Finance via yfinance,OK,
2026-05-12,2026-05-12T21:23:32.966921-04:00,Peru,Peru 5.375% 8-Feb-2035 USD,"https://bondblox.com/bond-market/Peru,-Republic-Of-(Government)-US715638EB48",5.27,4.46,81.0,PEN=X,https://finance.yahoo.com/quote/PEN=X/,3.4274001121520996,-1.7373797414744208,1.6881775087639328,3.92734694084107,BondBloX,US Treasury,Yahoo Finance via yfinance,OK,
2026-05-12,2026-05-12T21:23:33.741281-04:00,Argentina,Argentina 4.125% 9-Jul-2035 USD,"https://bondblox.com/bond-market/Argentina,-Republic-Of-(Government)-US040114HT09",8.46,4.46,400.0,ARS=X,https://finance.yahoo.com/quote/ARS=X/,1384.0,-0.6075463457581587,2.1607544975283277,-4.537507311627342,BondBloX,US Treasury,Yahoo Finance via yfinance,OK,
2026-05-13,2026-05-13T21:25:30.747031-04:00,Brazil,Brazil 6.625% 15-Mar-2035 USD,"https://bondblox.com/bond-market/Brazil,-Federative-Republic-Of-(Government)-US105756CL22",,4.46,,BRL=X,https://finance.yahoo.com/quote/BRL=X/,5.011099815368652,1.5982058299312651,0.5276029968959817,-9.169845292838675,BondBloX,US Treasury,Yahoo Finance via yfinance,PARTIAL_FAIL,"Bond: BondBloX HTTP error: 403 Client Error: Forbidden for url: https://bondblox.com/bond-market/Brazil,-Federative-Republic-Of-(Government)-US105756CL22"
2026-05-13,2026-05-13T21:25:31.955976-04:00,Colombia,Colombia 8.500% 25-Apr-2035 USD,"https://bondblox.com/bond-market/Colombia,-Republic-Of-(Government)-US195325ES00",,4.46,,COP=X,https://finance.yahoo.com/quote/COP=X/,3777.969970703125,1.4203774241790201,5.089275424560724,0.259009181197456,BondBloX,US Treasury,Yahoo Finance via yfinance,PARTIAL_FAIL,"Bond: BondBloX HTTP error: 403 Client Error: Forbidden for url: https://bondblox.com/bond-market/Colombia,-Republic-Of-(Government)-US195325ES00"
2026-05-13,2026-05-13T21:25:32.867951-04:00,Chile,Chile 3.500% 31-Jan-2034 USD,"https://bondblox.com/bond-market/Chile,-Republic-Of-(Government)-US168863DV76",,4.46,,CLP=X,https://finance.yahoo.com/quote/CLP=X/,912.9600219726562,0.8996280566904824,2.0192433738706494,1.480593026914656,BondBloX,US Treasury,Yahoo Finance via yfinance,PARTIAL_FAIL,"Bond: BondBloX HTTP error: 403 Client Error: Forbidden for url: https://bondblox.com/bond-market/Chile,-Republic-Of-(Government)-US168863DV76"
2026-05-13,2026-05-13T21:25:33.901371-04:00,Peru,Peru 5.375% 8-Feb-2035 USD,"https://bondblox.com/bond-market/Peru,-Republic-Of-(Government)-US715638EB48",,4.46,,PEN=X,https://finance.yahoo.com/quote/PEN=X/,3.4170000553131104,-1.2998220469013888,0.8857387259057825,3.6119911959783924,BondBloX,US Treasury,Yahoo Finance via yfinance,PARTIAL_FAIL,"Bond: BondBloX HTTP error: 403 Client Error: Forbidden for url: https://bondblox.com/bond-market/Peru,-Republic-Of-(Government)-US715638EB48"
2026-05-13,2026-05-13T21:25:34.856301-04:00,Argentina,Argentina 4.125% 9-Jul-2035 USD,"https://bondblox.com/bond-market/Argentina,-Republic-Of-(Government)-US040114HT09",,4.46,,ARS=X,https://finance.yahoo.com/quote/ARS=X/,1391.5,0.2705832048412793,1.8667005532212455,-4.02018889026694,BondBloX,US Treasury,Yahoo Finance via yfinance,PARTIAL_FAIL,"Bond: BondBloX HTTP error: 403 Client Error: Forbidden for url: https://bondblox.com/bond-market/Argentina,-Republic-Of-(Government)-US040114HT09"
2026-05-14,2026-05-14T21:21:17.917735-04:00,Brazil,Brazil 6.625% 15-Mar-2035 USD,"https://bondblox.com/bond-market/Brazil,-Federative-Republic-Of-(Government)-US105756CL22",,4.47,,BRL=X,https://finance.yahoo.com/quote/BRL=X/,4.983699798583984,0.7846420037709967,-0.17427230376982905,-9.666492307511465,BondBloX,US Treasury,Yahoo Finance via yfinance,PARTIAL_FAIL,"Bond: BondBloX HTTP error: 403 Client Error: Forbidden for url: https://bondblox.com/bond-market/Brazil,-Federative-Republic-Of-(Government)-US105756CL22"
2026-05-14,2026-05-14T21:21:19.032844-04:00,Colombia,Colombia 8.500% 25-Apr-2035 USD,"https://bondblox.com/bond-market/Colombia,-Republic-Of-(Government)-US195325ES00",,4.47,,COP=X,https://finance.yahoo.com/quote/COP=X/,3772.469970703125,0.9240419080659423,4.351688660472486,0.11305128455647573,BondBloX,US Treasury,Yahoo Finance via yfinance,PARTIAL_FAIL,"Bond: BondBloX HTTP error: 403 Client Error: Forbidden for url: https://bondblox.com/bond-market/Colombia,-Republic-Of-(Government)-US195325ES00"
2026-05-14,2026-05-14T21:21:19.984500-04:00,Chile,Chile 3.500% 31-Jan-2034 USD,"https://bondblox.com/bond-market/Chile,-Republic-Of-(Government)-US168863DV76",,4.47,,CLP=X,https://finance.yahoo.com/quote/CLP=X/,886.6199951171875,-1.060125881775209,0.044008288709807,-1.4472477123350203,BondBloX,US Treasury,Yahoo Finance via yfinance,PARTIAL_FAIL,"Bond: BondBloX HTTP error: 403 Client Error: Forbidden for url: https://bondblox.com/bond-market/Chile,-Republic-Of-(Government)-US168863DV76"
2026-05-14,2026-05-14T21:21:21.046214-04:00,Peru,Peru 5.375% 8-Feb-2035 USD,"https://bondblox.com/bond-market/Peru,-Republic-Of-(Government)-US715638EB48",,4.47,,PEN=X,https://finance.yahoo.com/quote/PEN=X/,3.420099973678589,-1.0674007319733114,-0.5495759872065076,3.7059884769830687,BondBloX,US Treasury,Yahoo Finance via yfinance,PARTIAL_FAIL,"Bond: BondBloX HTTP error: 403 Client Error: Forbidden for url: https://bondblox.com/bond-market/Peru,-Republic-Of-(Government)-US715638EB48"
2026-05-14,2026-05-14T21:21:22.027113-04:00,Argentina,Argentina 4.125% 9-Jul-2035 USD,"https://bondblox.com/bond-market/Argentina,-Republic-Of-(Government)-US040114HT09",,4.47,,ARS=X,https://finance.yahoo.com/quote/ARS=X/,1391.5,-0.2858593191458869,2.4294351206387788,-4.02018889026694,BondBloX,US Treasury,Yahoo Finance via yfinance,PARTIAL_FAIL,"Bond: BondBloX HTTP error: 403 Client Error: Forbidden for url: https://bondblox.com/bond-market/Argentina,-Republic-Of-(Government)-US040114HT09"
2026-05-15,2026-05-15T21:14:54.264984-04:00,Brazil,Brazil 6.625% 15-Mar-2035 USD,"https://bondblox.com/bond-market/Brazil,-Federative-Republic-Of-(Government)-US105756CL22",,4.59,,BRL=X,https://finance.yahoo.com/quote/BRL=X/,5.069300174713135,2.5157260602416187,1.5403413735209703,-8.114917664564558,BondBloX,US Treasury,Yahoo Finance via yfinance,PARTIAL_FAIL,"Bond: BondBloX HTTP error: 403 Client Error: Forbidden for url: https://bondblox.com/bond-market/Brazil,-Federative-Republic-Of-(Government)-US105756CL22"
2026-05-15,2026-05-15T21:14:55.133625-04:00,Colombia,Colombia 8.500% 25-Apr-2035 USD,"https://bondblox.com/bond-market/Colombia,-Republic-Of-(Government)-US195325ES00",,4.59,,COP=X,https://finance.yahoo.com/quote/COP=X/,3796.77001953125,1.2820425985085038,5.085481956819837,0.7579211055066759,BondBloX,US Treasury,Yahoo Finance via yfinance,PARTIAL_FAIL,"Bond: BondBloX HTTP error: 403 Client Error: Forbidden for url: https://bondblox.com/bond-market/Colombia,-Republic-Of-(Government)-US195325ES00"
2026-05-15,2026-05-15T21:14:55.742054-04:00,Chile,Chile 3.500% 31-Jan-2034 USD,"https://bondblox.com/bond-market/Chile,-Republic-Of-(Government)-US168863DV76",,4.59,,CLP=X,https://finance.yahoo.com/quote/CLP=X/,908.8800048828125,2.0674514341175065,2.704106711756604,1.0270763954386641,BondBloX,US Treasury,Yahoo Finance via yfinance,PARTIAL_FAIL,"Bond: BondBloX HTTP error: 403 Client Error: Forbidden for url: https://bondblox.com/bond-market/Chile,-Republic-Of-(Government)-US168863DV76"
2026-05-15,2026-05-15T21:14:56.357845-04:00,Peru,Peru 5.375% 8-Feb-2035 USD,"https://bondblox.com/bond-market/Peru,-Republic-Of-(Government)-US715638EB48",,4.59,,PEN=X,https://finance.yahoo.com/quote/PEN=X/,3.428800106048584,-0.8157336123090442,-0.2965916125325707,3.969798258642898,BondBloX,US Treasury,Yahoo Finance via yfinance,PARTIAL_FAIL,"Bond: BondBloX HTTP error: 403 Client Error: Forbidden for url: https://bondblox.com/bond-market/Peru,-Republic-Of-(Government)-US715638EB48"
2026-05-15,2026-05-15T21:14:57.010610-04:00,Argentina,Argentina 4.125% 9-Jul-2035 USD,"https://bondblox.com/bond-market/Argentina,-Republic-Of-(Government)-US040114HT09",,4.59,,ARS=X,https://finance.yahoo.com/quote/ARS=X/,1394.5,-0.07088093463811784,2.650267535559303,-3.8132615217227883,BondBloX,US Treasury,Yahoo Finance via yfinance,PARTIAL_FAIL,"Bond: BondBloX HTTP error: 403 Client Error: Forbidden for url: https://bondblox.com/bond-market/Argentina,-Republic-Of-(Government)-US040114HT09"
2026-05-18,2026-05-18T21:28:52.436441-04:00,Brazil,Brazil 6.625% 15-Mar-2035 USD,"https://bondblox.com/bond-market/Brazil,-Federative-Republic-Of-(Government)-US105756CL22",,4.61,,BRL=X,https://finance.yahoo.com/quote/BRL=X/,4.990099906921387,1.705928985437244,-0.32359358611491196,-9.550485272759147,BondBloX,US Treasury,Yahoo Finance via yfinance,PARTIAL_FAIL,"Bond: BondBloX HTTP error: 403 Client Error: Forbidden for url: https://bondblox.com/bond-market/Brazil,-Federative-Republic-Of-(Government)-US105756CL22"
2026-05-18,2026-05-18T21:28:53.638129-04:00,Colombia,Colombia 8.500% 25-Apr-2035 USD,"https://bondblox.com/bond-market/Colombia,-Republic-Of-(Government)-US195325ES00",,4.61,,COP=X,https://finance.yahoo.com/quote/COP=X/,3797.550048828125,0.9889994666427704,5.374220638999461,0.7786213665048836,BondBloX,US Treasury,Yahoo Finance via yfinance,PARTIAL_FAIL,"Bond: BondBloX HTTP error: 403 Client Error: Forbidden for url: https://bondblox.com/bond-market/Colombia,-Republic-Of-(Government)-US195325ES00"
2026-05-18,2026-05-18T21:28:54.363556-04:00,Chile,Chile 3.500% 31-Jan-2034 USD,"https://bondblox.com/bond-market/Chile,-Republic-Of-(Government)-US168863DV76",,4.61,,CLP=X,https://finance.yahoo.com/quote/CLP=X/,897.72998046875,0.6220704161190138,1.3102046467224904,-0.2123109408860513,BondBloX,US Treasury,Yahoo Finance via yfinance,PARTIAL_FAIL,"Bond: BondBloX HTTP error: 403 Client Error: Forbidden for url: https://bondblox.com/bond-market/Chile,-Republic-Of-(Government)-US168863DV76"
2026-05-18,2026-05-18T21:28:55.073113-04:00,Peru,Peru 5.375% 8-Feb-2035 USD,"https://bondblox.com/bond-market/Peru,-Republic-Of-(Government)-US715638EB48",,4.61,,PEN=X,https://finance.yahoo.com/quote/PEN=X/,3.421799898147583,-0.1808656708819245,1.037630070715445,3.7575344401858946,BondBloX,US Treasury,Yahoo Finance via yfinance,PARTIAL_FAIL,"Bond: BondBloX HTTP error: 403 Client Error: Forbidden for url: https://bondblox.com/bond-market/Peru,-Republic-Of-(Government)-US715638EB48"
2026-05-18,2026-05-18T21:28:55.831557-04:00,Argentina,Argentina 4.125% 9-Jul-2035 USD,"https://bondblox.com/bond-market/Argentina,-Republic-Of-(Government)-US040114HT09",,4.61,,ARS=X,https://finance.yahoo.com/quote/ARS=X/,1395.5,0.16099269982434716,2.411512580462949,-3.7442857322080636,BondBloX,US Treasury,Yahoo Finance via yfinance,PARTIAL_FAIL,"Bond: BondBloX HTTP error: 403 Client Error: Forbidden for url: https://bondblox.com/bond-market/Argentina,-Republic-Of-(Government)-US040114HT09"
2026-05-19,2026-05-19T21:30:12.482460-04:00,Brazil,Brazil 6.625% 15-Mar-2035 USD,"https://bondblox.com/bond-market/Brazil,-Federative-Republic-Of-(Government)-US105756CL22",,4.67,,BRL=X,https://finance.yahoo.com/quote/BRL=X/,5.047500133514404,2.8066932604611683,1.9202795010483387,-8.510060684591892,BondBloX,US Treasury,Yahoo Finance via yfinance,PARTIAL_FAIL,"Bond: BondBloX HTTP error: 403 Client Error: Forbidden for url: https://bondblox.com/bond-market/Brazil,-Federative-Republic-Of-(Government)-US105756CL22"
2026-05-19,2026-05-19T21:30:13.562041-04:00,Colombia,Colombia 8.500% 25-Apr-2035 USD,"https://bondblox.com/bond-market/Colombia,-Republic-Of-(Government)-US195325ES00",,4.67,,COP=X,https://finance.yahoo.com/quote/COP=X/,3793.5,0.19121746038839316,6.003959992383745,0.6711419831873622,BondBloX,US Treasury,Yahoo Finance via yfinance,PARTIAL_FAIL,"Bond: BondBloX HTTP error: 403 Client Error: Forbidden for url: https://bondblox.com/bond-market/Colombia,-Republic-Of-(Government)-US195325ES00"
2026-05-19,2026-05-19T21:30:14.590456-04:00,Chile,Chile 3.500% 31-Jan-2034 USD,"https://bondblox.com/bond-market/Chile,-Republic-Of-(Government)-US168863DV76",,4.67,,CLP=X,https://finance.yahoo.com/quote/CLP=X/,900.5,0.3655769380951801,1.1434082792743716,0.09559216326082698,BondBloX,US Treasury,Yahoo Finance via yfinance,PARTIAL_FAIL,"Bond: BondBloX HTTP error: 403 Client Error: Forbidden for url: https://bondblox.com/bond-market/Chile,-Republic-Of-(Government)-US168863DV76"
2026-05-19,2026-05-19T21:30:15.531717-04:00,Peru,Peru 5.375% 8-Feb-2035 USD,"https://bondblox.com/bond-market/Peru,-Republic-Of-(Government)-US715638EB48",,4.67,,PEN=X,https://finance.yahoo.com/quote/PEN=X/,3.422600030899048,1.8770151251840117,-0.3899906110544471,3.7817964671857274,BondBloX,US Treasury,Yahoo Finance via yfinance,PARTIAL_FAIL,"Bond: BondBloX HTTP error: 403 Client Error: Forbidden for url: https://bondblox.com/bond-market/Peru,-Republic-Of-(Government)-US715638EB48"
2026-05-19,2026-05-19T21:30:16.556570-04:00,Argentina,Argentina 4.125% 9-Jul-2035 USD,"https://bondblox.com/bond-market/Argentina,-Republic-Of-(Government)-US040114HT09",,4.67,,ARS=X,https://finance.yahoo.com/quote/ARS=X/,1398.0,0.9394199508171663,1.544282409821096,-3.571846258421263,BondBloX,US Treasury,Yahoo Finance via yfinance,PARTIAL_FAIL,"Bond: BondBloX HTTP error: 403 Client Error: Forbidden for url: https://bondblox.com/bond-market/Argentina,-Republic-Of-(Government)-US040114HT09"
2026-05-20,2026-05-20T21:30:59.918158-04:00,Brazil,Brazil 6.625% 15-Mar-2035 USD,"https://bondblox.com/bond-market/Brazil,-Federative-Republic-Of-(Government)-US105756CL22",,4.57,,BRL=X,https://finance.yahoo.com/quote/BRL=X/,4.995100021362305,-0.5930454027285537,-0.2575853815130591,-9.459854236668175,BondBloX,US Treasury,Yahoo Finance via yfinance,PARTIAL_FAIL,"Bond: BondBloX HTTP error: 403 Client Error: Forbidden for url: https://bondblox.com/bond-market/Brazil,-Federative-Republic-Of-(Government)-US105756CL22"
2026-05-20,2026-05-20T21:31:01.188534-04:00,Colombia,Colombia 8.500% 25-Apr-2035 USD,"https://bondblox.com/bond-market/Colombia,-Republic-Of-(Government)-US195325ES00",,4.57,,COP=X,https://finance.yahoo.com/quote/COP=X/,3724.68994140625,-1.7911146827862434,3.9107139123260692,-1.1549255477373288,BondBloX,US Treasury,Yahoo Finance via yfinance,PARTIAL_FAIL,"Bond: BondBloX HTTP error: 403 Client Error: Forbidden for url: https://bondblox.com/bond-market/Colombia,-Republic-Of-(Government)-US195325ES00"
2026-05-20,2026-05-20T21:31:02.239960-04:00,Chile,Chile 3.500% 31-Jan-2034 USD,"https://bondblox.com/bond-market/Chile,-Republic-Of-(Government)-US168863DV76",,4.57,,CLP=X,https://finance.yahoo.com/quote/CLP=X/,905.030029296875,-0.8686024015210125,2.7019426914203892,0.5991301588051057,BondBloX,US Treasury,Yahoo Finance via yfinance,PARTIAL_FAIL,"Bond: BondBloX HTTP error: 403 Client Error: Forbidden for url: https://bondblox.com/bond-market/Chile,-Republic-Of-(Government)-US168863DV76"
2026-05-20,2026-05-20T21:31:03.214642-04:00,Peru,Peru 5.375% 8-Feb-2035 USD,"https://bondblox.com/bond-market/Peru,-Republic-Of-(Government)-US715638EB48",,4.57,,PEN=X,https://finance.yahoo.com/quote/PEN=X/,3.410599946975708,-0.47855554658867705,-0.7681143143891234,3.417923897771269,BondBloX,US Treasury,Yahoo Finance via yfinance,PARTIAL_FAIL,"Bond: BondBloX HTTP error: 403 Client Error: Forbidden for url: https://bondblox.com/bond-market/Peru,-Republic-Of-(Government)-US715638EB48"
2026-05-20,2026-05-20T21:31:04.173903-04:00,Argentina,Argentina 4.125% 9-Jul-2035 USD,"https://bondblox.com/bond-market/Argentina,-Republic-Of-(Government)-US040114HT09",,4.57,,ARS=X,https://finance.yahoo.com/quote/ARS=X/,1397.0,0.3586937524603595,1.620055165361567,-3.6408220479359876,BondBloX,US Treasury,Yahoo Finance via yfinance,PARTIAL_FAIL,"Bond: BondBloX HTTP error: 403 Client Error: Forbidden for url: https://bondblox.com/bond-market/Argentina,-Republic-Of-(Government)-US040114HT09"
2026-05-21,2026-05-21T21:28:57.431333-04:00,Brazil,Brazil 6.625% 15-Mar-2035 USD,"https://bondblox.com/bond-market/Brazil,-Federative-Republic-Of-(Government)-US105756CL22",,4.57,,BRL=X,https://finance.yahoo.com/quote/BRL=X/,5.003900051116943,-0.003992621559123499,0.38115214777598716,-9.300346724646557,BondBloX,US Treasury,Yahoo Finance via yfinance,PARTIAL_FAIL,"Bond: BondBloX HTTP error: 403 Client Error: Forbidden for url: https://bondblox.com/bond-market/Brazil,-Federative-Republic-Of-(Government)-US105756CL22"
2026-05-21,2026-05-21T21:28:58.393969-04:00,Colombia,Colombia 8.500% 25-Apr-2035 USD,"https://bondblox.com/bond-market/Colombia,-Republic-Of-(Government)-US195325ES00",,4.57,,COP=X,https://finance.yahoo.com/quote/COP=X/,3685.409912109375,-2.707777466835559,3.1466711891812826,-2.1973310852223538,BondBloX,US Treasury,Yahoo Finance via yfinance,PARTIAL_FAIL,"Bond: BondBloX HTTP error: 403 Client Error: Forbidden for url: https://bondblox.com/bond-market/Colombia,-Republic-Of-(Government)-US195325ES00"
2026-05-21,2026-05-21T21:28:59.231579-04:00,Chile,Chile 3.500% 31-Jan-2034 USD,"https://bondblox.com/bond-market/Chile,-Republic-Of-(Government)-US168863DV76",,4.57,,CLP=X,https://finance.yahoo.com/quote/CLP=X/,897.72998046875,1.2530718247668382,0.6491443383518591,-0.2123109408860513,BondBloX,US Treasury,Yahoo Finance via yfinance,PARTIAL_FAIL,"Bond: BondBloX HTTP error: 403 Client Error: Forbidden for url: https://bondblox.com/bond-market/Chile,-Republic-Of-(Government)-US168863DV76"
2026-05-21,2026-05-21T21:29:00.037909-04:00,Peru,Peru 5.375% 8-Feb-2035 USD,"https://bondblox.com/bond-market/Peru,-Republic-Of-(Government)-US715638EB48",,4.57,,PEN=X,https://finance.yahoo.com/quote/PEN=X/,3.4072000980377197,-0.403388066693644,-0.9102757057668498,3.314831971365595,BondBloX,US Treasury,Yahoo Finance via yfinance,PARTIAL_FAIL,"Bond: BondBloX HTTP error: 403 Client Error: Forbidden for url: https://bondblox.com/bond-market/Peru,-Republic-Of-(Government)-US715638EB48"
2026-05-21,2026-05-21T21:29:00.824587-04:00,Argentina,Argentina 4.125% 9-Jul-2035 USD,"https://bondblox.com/bond-market/Argentina,-Republic-Of-(Government)-US040114HT09",,4.57,,ARS=X,https://finance.yahoo.com/quote/ARS=X/,1389.5,-0.16267398955437384,0.7996201368219324,-4.15814046929639,BondBloX,US Treasury,Yahoo Finance via yfinance,PARTIAL_FAIL,"Bond: BondBloX HTTP error: 403 Client Error: Forbidden for url: https://bondblox.com/bond-market/Argentina,-Republic-Of-(Government)-US040114HT09"
2026-05-22,2026-05-22T21:22:43.381148-04:00,Brazil,Brazil 6.625% 15-Mar-2035 USD,"https://bondblox.com/bond-market/Brazil,-Federative-Republic-Of-(Government)-US105756CL22",,4.56,,BRL=X,https://finance.yahoo.com/quote/BRL=X/,5.03980016708374,-0.4070793224698388,0.17890398348794356,-8.649628677229392,BondBloX,US Treasury,Yahoo Finance via yfinance,PARTIAL_FAIL,"Bond: BondBloX HTTP error: 403 Client Error: Forbidden for url: https://bondblox.com/bond-market/Brazil,-Federative-Republic-Of-(Government)-US105756CL22"
2026-05-22,2026-05-22T21:22:44.605872-04:00,Colombia,Colombia 8.500% 25-Apr-2035 USD,"https://bondblox.com/bond-market/Colombia,-Republic-Of-(Government)-US195325ES00",,4.56,,COP=X,https://finance.yahoo.com/quote/COP=X/,3683.360107421875,-3.002085574586122,3.301227218094316,-2.251728390806418,BondBloX,US Treasury,Yahoo Finance via yfinance,PARTIAL_FAIL,"Bond: BondBloX HTTP error: 403 Client Error: Forbidden for url: https://bondblox.com/bond-market/Colombia,-Republic-Of-(Government)-US195325ES00"
2026-05-22,2026-05-22T21:22:45.361828-04:00,Chile,Chile 3.500% 31-Jan-2034 USD,"https://bondblox.com/bond-market/Chile,-Republic-Of-(Government)-US168863DV76",,4.56,,CLP=X,https://finance.yahoo.com/quote/CLP=X/,900.7100219726562,0.7167655448041321,1.2340869415371936,0.11893727566540946,BondBloX,US Treasury,Yahoo Finance via yfinance,PARTIAL_FAIL,"Bond: BondBloX HTTP error: 403 Client Error: Forbidden for url: https://bondblox.com/bond-market/Chile,-Republic-Of-(Government)-US168863DV76"
2026-05-22,2026-05-22T21:22:46.238406-04:00,Peru,Peru 5.375% 8-Feb-2035 USD,"https://bondblox.com/bond-market/Peru,-Republic-Of-(Government)-US715638EB48",,4.56,,PEN=X,https://finance.yahoo.com/quote/PEN=X/,3.419600009918213,1.586690672449964,-1.310242579384957,3.690828324832096,BondBloX,US Treasury,Yahoo Finance via yfinance,PARTIAL_FAIL,"Bond: BondBloX HTTP error: 403 Client Error: Forbidden for url: https://bondblox.com/bond-market/Peru,-Republic-Of-(Government)-US715638EB48"
2026-05-22,2026-05-22T21:22:47.095467-04:00,Argentina,Argentina 4.125% 9-Jul-2035 USD,"https://bondblox.com/bond-market/Argentina,-Republic-Of-(Government)-US040114HT09",,4.56,,ARS=X,https://finance.yahoo.com/quote/ARS=X/,1399.0,0.29155641525187015,0.4499674387581365,-3.5028704689065493,BondBloX,US Treasury,Yahoo Finance via yfinance,PARTIAL_FAIL,"Bond: BondBloX HTTP error: 403 Client Error: Forbidden for url: https://bondblox.com/bond-market/Argentina,-Republic-Of-(Government)-US040114HT09"
2026-05-25,2026-05-25T21:25:40.957676-04:00,Brazil,Brazil 6.625% 15-Mar-2035 USD,"https://bondblox.com/bond-market/Brazil,-Federative-Republic-Of-(Government)-US105756CL22",,4.56,,BRL=X,https://finance.yahoo.com/quote/BRL=X/,5.0096001625061035,0.07941848559798181,0.6125591724901458,-9.197027689224912,BondBloX,US Treasury,Yahoo Finance via yfinance,PARTIAL_FAIL,"Bond: BondBloX HTTP error: 403 Client Error: Forbidden for url: https://bondblox.com/bond-market/Brazil,-Federative-Republic-Of-(Government)-US105756CL22"
2026-05-25,2026-05-25T21:25:42.240328-04:00,Colombia,Colombia 8.500% 25-Apr-2035 USD,"https://bondblox.com/bond-market/Colombia,-Republic-Of-(Government)-US195325ES00",,4.56,,COP=X,https://finance.yahoo.com/quote/COP=X/,3631.8701171875,-4.364575573260698,2.2275865926717042,-3.6181594222016167,BondBloX,US Treasury,Yahoo Finance via yfinance,PARTIAL_FAIL,"Bond: BondBloX HTTP error: 403 Client Error: Forbidden for url: https://bondblox.com/bond-market/Colombia,-Republic-Of-(Government)-US195325ES00"
2026-05-25,2026-05-25T21:25:43.016533-04:00,Chile,Chile 3.500% 31-Jan-2034 USD,"https://bondblox.com/bond-market/Chile,-Republic-Of-(Government)-US168863DV76",,4.56,,CLP=X,https://finance.yahoo.com/quote/CLP=X/,893.7000122070312,-0.7551346799521075,-0.2689372045760363,-0.6602643662673824,BondBloX,US Treasury,Yahoo Finance via yfinance,PARTIAL_FAIL,"Bond: BondBloX HTTP error: 403 Client Error: Forbidden for url: https://bondblox.com/bond-market/Chile,-Republic-Of-(Government)-US168863DV76"
2026-05-25,2026-05-25T21:25:43.837521-04:00,Peru,Peru 5.375% 8-Feb-2035 USD,"https://bondblox.com/bond-market/Peru,-Republic-Of-(Government)-US715638EB48",,4.56,,PEN=X,https://finance.yahoo.com/quote/PEN=X/,3.403599977493286,-0.5231620707707774,0.30596138836840314,3.205667308762128,BondBloX,US Treasury,Yahoo Finance via yfinance,PARTIAL_FAIL,"Bond: BondBloX HTTP error: 403 Client Error: Forbidden for url: https://bondblox.com/bond-market/Peru,-Republic-Of-(Government)-US715638EB48"
2026-05-25,2026-05-25T21:25:44.621786-04:00,Argentina,Argentina 4.125% 9-Jul-2035 USD,"https://bondblox.com/bond-market/Argentina,-Republic-Of-(Government)-US040114HT09",,4.56,,ARS=X,https://finance.yahoo.com/quote/ARS=X/,1399.0,0.2155131330446869,0.4727139440224848,-3.5028704689065493,BondBloX,US Treasury,Yahoo Finance via yfinance,PARTIAL_FAIL,"Bond: BondBloX HTTP error: 403 Client Error: Forbidden for url: https://bondblox.com/bond-market/Argentina,-Republic-Of-(Government)-US040114HT09"
2026-05-26,2026-05-26T21:34:31.482175-04:00,Brazil,Brazil 6.625% 15-Mar-2035 USD,"https://bondblox.com/bond-market/Brazil,-Federative-Republic-Of-(Government)-US105756CL22",6.26,4.5,176.0,BRL=X,https://finance.yahoo.com/quote/BRL=X/,5.01039981842041,0.09539363257504707,0.6286194218884766,-9.18253329216936,BondBloX,US Treasury,Yahoo Finance via yfinance,OK,
2026-05-26,2026-05-26T21:34:32.448145-04:00,Colombia,Colombia 8.500% 25-Apr-2035 USD,"https://bondblox.com/bond-market/Colombia,-Republic-Of-(Government)-US195325ES00",7.09,4.5,259.0,COP=X,https://finance.yahoo.com/quote/COP=X/,3658.110107421875,-3.549927956710175,1.0005877919917472,-2.921807825385425,BondBloX,US Treasury,Yahoo Finance via yfinance,OK,
2026-05-26,2026-05-26T21:34:33.230544-04:00,Chile,Chile 3.500% 31-Jan-2034 USD,"https://bondblox.com/bond-market/Chile,-Republic-Of-(Government)-US168863DV76",5.05,4.5,55.0,CLP=X,https://finance.yahoo.com/quote/CLP=X/,896.7100219726562,-0.42087485034355554,0.06696015343008455,-0.32568501045678877,BondBloX,US Treasury,Yahoo Finance via yfinance,OK,
2026-05-26,2026-05-26T21:34:34.056427-04:00,Peru,Peru 5.375% 8-Feb-2035 USD,"https://bondblox.com/bond-market/Peru,-Republic-Of-(Government)-US715638EB48",5.38,4.5,88.0,PEN=X,https://finance.yahoo.com/quote/PEN=X/,3.4056999683380127,1.5439873755833,-0.5911069850822681,3.269344285464859,BondBloX,US Treasury,Yahoo Finance via yfinance,OK,
2026-05-26,2026-05-26T21:34:34.920750-04:00,Argentina,Argentina 4.125% 9-Jul-2035 USD,"https://bondblox.com/bond-market/Argentina,-Republic-Of-(Government)-US040114HT09",8.7,4.5,420.0,ARS=X,https://finance.yahoo.com/quote/ARS=X/,1401.0115966796875,0.35961119842826683,0.6171818337787238,-3.364118999739907,BondBloX,US Treasury,Yahoo Finance via yfinance,OK,
2026-05-27,2026-05-27T21:22:19.573781-04:00,Brazil,Brazil 6.625% 15-Mar-2035 USD,"https://bondblox.com/bond-market/Brazil,-Federative-Republic-Of-(Government)-US105756CL22",6.2,4.48,172.0,BRL=X,https://finance.yahoo.com/quote/BRL=X/,5.058300018310547,0.9298214883937117,1.281463490922019,-8.314304215354419,BondBloX,US Treasury,Yahoo Finance via yfinance,OK,
2026-05-27,2026-05-27T21:22:21.024340-04:00,Colombia,Colombia 8.500% 25-Apr-2035 USD,"https://bondblox.com/bond-market/Colombia,-Republic-Of-(Government)-US195325ES00",6.95,4.48,247.0,COP=X,https://finance.yahoo.com/quote/COP=X/,3625.989990234375,-2.6540694210507865,0.4373729786732339,-3.774205051667079,BondBloX,US Treasury,Yahoo Finance via yfinance,OK,
2026-05-27,2026-05-27T21:22:21.956481-04:00,Chile,Chile 3.500% 31-Jan-2034 USD,"https://bondblox.com/bond-market/Chile,-Republic-Of-(Government)-US168863DV76",4.97,4.48,49.0,CLP=X,https://finance.yahoo.com/quote/CLP=X/,893.8300170898438,-1.2375293464828574,0.032459550734409426,-0.6458135992165936,BondBloX,US Treasury,Yahoo Finance via yfinance,OK,
2026-05-27,2026-05-27T21:22:22.818562-04:00,Peru,Peru 5.375% 8-Feb-2035 USD,"https://bondblox.com/bond-market/Peru,-Republic-Of-(Government)-US715638EB48",5.29,4.48,81.0,PEN=X,https://finance.yahoo.com/quote/PEN=X/,3.4079999923706055,-0.08795136233046286,-3.044099838980985,3.339086768917565,BondBloX,US Treasury,Yahoo Finance via yfinance,OK,
2026-05-27,2026-05-27T21:22:23.709235-04:00,Argentina,Argentina 4.125% 9-Jul-2035 USD,"https://bondblox.com/bond-market/Argentina,-Republic-Of-(Government)-US040114HT09",8.61,4.48,413.0,ARS=X,https://finance.yahoo.com/quote/ARS=X/,1412.0,1.0619049495424582,0.5172328541970916,-2.6061852052151835,BondBloX,US Treasury,Yahoo Finance via yfinance,OK,
2026-05-28,2026-05-28T21:31:48.473425-04:00,Brazil,Brazil 6.625% 15-Mar-2035 USD,"https://bondblox.com/bond-market/Brazil,-Federative-Republic-Of-(Government)-US105756CL22",6.21,4.45,176.0,BRL=X,https://finance.yahoo.com/quote/BRL=X/,5.043000221252441,0.5162417464001035,0.5082271636100311,-8.591625159853233,BondBloX,US Treasury,Yahoo Finance via yfinance,OK,
2026-05-28,2026-05-28T21:31:49.645101-04:00,Colombia,Colombia 8.500% 25-Apr-2035 USD,"https://bondblox.com/bond-market/Colombia,-Republic-Of-(Government)-US195325ES00",6.93,4.45,248.0,COP=X,https://finance.yahoo.com/quote/COP=X/,3639.219970703125,-1.3983333377431961,0.14447009860634186,-3.423110484063452,BondBloX,US Treasury,Yahoo Finance via yfinance,OK,
2026-05-28,2026-05-28T21:31:50.469587-04:00,Chile,Chile 3.500% 31-Jan-2034 USD,"https://bondblox.com/bond-market/Chile,-Republic-Of-(Government)-US168863DV76",4.98,4.45,53.0,CLP=X,https://finance.yahoo.com/quote/CLP=X/,894.030029296875,-0.4121452165319339,0.3265591834582082,-0.6235811280309478,BondBloX,US Treasury,Yahoo Finance via yfinance,OK,
2026-05-28,2026-05-28T21:31:51.282758-04:00,Peru,Peru 5.375% 8-Feb-2035 USD,"https://bondblox.com/bond-market/Peru,-Republic-Of-(Government)-US715638EB48",5.26,4.45,81.0,PEN=X,https://finance.yahoo.com/quote/PEN=X/,3.393899917602539,-0.41373458919107264,-3.6644928820583234,2.9115372228003755,BondBloX,US Treasury,Yahoo Finance via yfinance,OK,
2026-05-28,2026-05-28T21:31:52.155142-04:00,Argentina,Argentina 4.125% 9-Jul-2035 USD,"https://bondblox.com/bond-market/Argentina,-Republic-Of-(Government)-US040114HT09",8.55,4.45,410.0,ARS=X,https://finance.yahoo.com/quote/ARS=X/,1409.0,1.3906538818273972,1.2943886423486983,-2.8131125737593465,BondBloX,US Treasury,Yahoo Finance via yfinance,OK,
2026-05-29,2026-05-29T21:27:47.242938-04:00,Brazil,Brazil 6.625% 15-Mar-2035 USD,"https://bondblox.com/bond-market/Brazil,-Federative-Republic-Of-(Government)-US105756CL22",,4.45,,BRL=X,https://finance.yahoo.com/quote/BRL=X/,5.042600154876709,0.5082676899310412,0.5002537429460441,-8.598876679906663,BondBloX,US Treasury,Yahoo Finance via yfinance,PARTIAL_FAIL,"Bond: BondBloX HTTP error: 403 Client Error: Forbidden for url: https://bondblox.com/bond-market/Brazil,-Federative-Republic-Of-(Government)-US105756CL22"
2026-05-29,2026-05-29T21:27:48.053520-04:00,Colombia,Colombia 8.500% 25-Apr-2035 USD,"https://bondblox.com/bond-market/Colombia,-Republic-Of-(Government)-US195325ES00",,4.45,,COP=X,https://finance.yahoo.com/quote/COP=X/,3665.719970703125,-0.6803376717529952,0.8737001201431616,-2.719858800247854,BondBloX,US Treasury,Yahoo Finance via yfinance,PARTIAL_FAIL,"Bond: BondBloX HTTP error: 403 Client Error: Forbidden for url: https://bondblox.com/bond-market/Colombia,-Republic-Of-(Government)-US195325ES00"
2026-05-29,2026-05-29T21:27:48.642047-04:00,Chile,Chile 3.500% 31-Jan-2034 USD,"https://bondblox.com/bond-market/Chile,-Republic-Of-(Government)-US168863DV76",,4.45,,CLP=X,https://finance.yahoo.com/quote/CLP=X/,888.0,-1.1510148213770166,-1.8209527387981095,-1.2938524808710494,BondBloX,US Treasury,Yahoo Finance via yfinance,PARTIAL_FAIL,"Bond: BondBloX HTTP error: 403 Client Error: Forbidden for url: https://bondblox.com/bond-market/Chile,-Republic-Of-(Government)-US168863DV76"
2026-05-29,2026-05-29T21:27:49.209782-04:00,Peru,Peru 5.375% 8-Feb-2035 USD,"https://bondblox.com/bond-market/Peru,-Republic-Of-(Government)-US715638EB48",,4.45,,PEN=X,https://finance.yahoo.com/quote/PEN=X/,3.3980000019073486,-0.29342695086982395,-3.5481124022800237,3.035862037554815,BondBloX,US Treasury,Yahoo Finance via yfinance,PARTIAL_FAIL,"Bond: BondBloX HTTP error: 403 Client Error: Forbidden for url: https://bondblox.com/bond-market/Peru,-Republic-Of-(Government)-US715638EB48"
2026-05-29,2026-05-29T21:27:49.777100-04:00,Argentina,Argentina 4.125% 9-Jul-2035 USD,"https://bondblox.com/bond-market/Argentina,-Republic-Of-(Government)-US040114HT09",,4.45,,ARS=X,https://finance.yahoo.com/quote/ARS=X/,1408.5,1.3546742317628757,1.258443153121469,-2.847600468516698,BondBloX,US Treasury,Yahoo Finance via yfinance,PARTIAL_FAIL,"Bond: BondBloX HTTP error: 403 Client Error: Forbidden for url: https://bondblox.com/bond-market/Argentina,-Republic-Of-(Government)-US040114HT09"
2026-06-01,2026-06-01T21:58:08.544005-04:00,Brazil,Brazil 6.625% 15-Mar-2035 USD,"https://bondblox.com/bond-market/Brazil,-Federative-Republic-Of-(Government)-US105756CL22",6.14,4.47,167.0,BRL=X,https://finance.yahoo.com/quote/BRL=X/,5.015500068664551,0.10179327856012499,1.2837618445465493,-9.090087215302212,BondBloX,US Treasury,Yahoo Finance via yfinance,OK,
2026-06-01,2026-06-01T21:58:09.794760-04:00,Colombia,Colombia 8.500% 25-Apr-2035 USD,"https://bondblox.com/bond-market/Colombia,-Republic-Of-(Government)-US195325ES00",6.99,4.47,252.0,COP=X,https://finance.yahoo.com/quote/COP=X/,3559.199951171875,-2.0208652753570755,-2.6357209276108073,-5.546665709509058,BondBloX,US Treasury,Yahoo Finance via yfinance,OK,
2026-06-01,2026-06-01T21:58:10.568073-04:00,Chile,Chile 3.500% 31-Jan-2034 USD,"https://bondblox.com/bond-market/Chile,-Republic-Of-(Government)-US168863DV76",4.94,4.47,47.0,CLP=X,https://finance.yahoo.com/quote/CLP=X/,891.6099853515625,-0.5687498183497786,-0.8495985152557672,-0.8925824959012063,BondBloX,US Treasury,Yahoo Finance via yfinance,OK,
2026-06-01,2026-06-01T21:58:11.348006-04:00,Peru,Peru 5.375% 8-Feb-2035 USD,"https://bondblox.com/bond-market/Peru,-Republic-Of-(Government)-US715638EB48",5.21,4.47,74.0,PEN=X,https://finance.yahoo.com/quote/PEN=X/,3.401700019836426,1.9336784285036046,-3.002564886293302,3.1480558388093494,BondBloX,US Treasury,Yahoo Finance via yfinance,OK,
2026-06-01,2026-06-01T21:58:12.077618-04:00,Argentina,Argentina 4.125% 9-Jul-2035 USD,"https://bondblox.com/bond-market/Argentina,-Republic-Of-(Government)-US040114HT09",8.46,4.47,399.0,ARS=X,https://finance.yahoo.com/quote/ARS=X/,1427.0,1.8549741759385396,2.456047478670653,-1.5715483624943793,BondBloX,US Treasury,Yahoo Finance via yfinance,OK,
2026-06-02,2026-06-02T22:08:20.252864-04:00,Brazil,Brazil 6.625% 15-Mar-2035 USD,"https://bondblox.com/bond-market/Brazil,-Federative-Republic-Of-(Government)-US105756CL22",,4.46,,BRL=X,https://finance.yahoo.com/quote/BRL=X/,5.00439977645874,-0.7949271217552623,0.3931936104507816,-9.291288806868248,BondBloX,US Treasury,Yahoo Finance via yfinance,PARTIAL_FAIL,"Bond: BondBloX HTTP error: 403 Client Error: Forbidden for url: https://bondblox.com/bond-market/Brazil,-Federative-Republic-Of-(Government)-US105756CL22"
2026-06-02,2026-06-02T22:08:21.418684-04:00,Colombia,Colombia 8.500% 25-Apr-2035 USD,"https://bondblox.com/bond-market/Colombia,-Republic-Of-(Government)-US195325ES00",,4.46,,COP=X,https://finance.yahoo.com/quote/COP=X/,3571.8798828125,-2.7316141102259217,-4.184684187901078,-5.210168227360523,BondBloX,US Treasury,Yahoo Finance via yfinance,PARTIAL_FAIL,"Bond: BondBloX HTTP error: 403 Client Error: Forbidden for url: https://bondblox.com/bond-market/Colombia,-Republic-Of-(Government)-US195325ES00"
2026-06-02,2026-06-02T22:08:22.420666-04:00,Chile,Chile 3.500% 31-Jan-2034 USD,"https://bondblox.com/bond-market/Chile,-Republic-Of-(Government)-US168863DV76",,4.46,,CLP=X,https://finance.yahoo.com/quote/CLP=X/,891.9400024414062,-0.5319467179319082,-0.8128993670941109,-0.8558992576647717,BondBloX,US Treasury,Yahoo Finance via yfinance,PARTIAL_FAIL,"Bond: BondBloX HTTP error: 403 Client Error: Forbidden for url: https://bondblox.com/bond-market/Chile,-Republic-Of-(Government)-US168863DV76"
2026-06-02,2026-06-02T22:08:23.186647-04:00,Peru,Peru 5.375% 8-Feb-2035 USD,"https://bondblox.com/bond-market/Peru,-Republic-Of-(Government)-US715638EB48",,4.46,,PEN=X,https://finance.yahoo.com/quote/PEN=X/,3.401900053024292,-0.061691857158141516,-2.913809845258586,3.154121345559302,BondBloX,US Treasury,Yahoo Finance via yfinance,PARTIAL_FAIL,"Bond: BondBloX HTTP error: 403 Client Error: Forbidden for url: https://bondblox.com/bond-market/Peru,-Republic-Of-(Government)-US715638EB48"
2026-06-02,2026-06-02T22:08:23.957865-04:00,Argentina,Argentina 4.125% 9-Jul-2035 USD,"https://bondblox.com/bond-market/Argentina,-Republic-Of-(Government)-US040114HT09",,4.46,,ARS=X,https://finance.yahoo.com/quote/ARS=X/,1426.5,1.1343145111736952,1.7474326942030993,-1.6060362572517417,BondBloX,US Treasury,Yahoo Finance via yfinance,PARTIAL_FAIL,"Bond: BondBloX HTTP error: 403 Client Error: Forbidden for url: https://bondblox.com/bond-market/Argentina,-Republic-Of-(Government)-US040114HT09"
2026-06-03,2026-06-03T22:05:43.785232-04:00,Brazil,Brazil 6.625% 15-Mar-2035 USD,"https://bondblox.com/bond-market/Brazil,-Federative-Republic-Of-(Government)-US105756CL22",6.12,4.49,163.0,BRL=X,https://finance.yahoo.com/quote/BRL=X/,5.074900150299072,0.039431724462568596,2.9955589198684685,-8.0134136699191,BondBloX,US Treasury,Yahoo Finance via yfinance,OK,
2026-06-03,2026-06-03T22:05:44.666785-04:00,Colombia,Colombia 8.500% 25-Apr-2035 USD,"https://bondblox.com/bond-market/Colombia,-Republic-Of-(Government)-US195325ES00",6.67,4.49,218.0,COP=X,https://finance.yahoo.com/quote/COP=X/,3571.969970703125,-1.7518124067137486,-3.794393073990676,-5.207777492991717,BondBloX,US Treasury,Yahoo Finance via yfinance,OK,
2026-06-03,2026-06-03T22:05:45.375440-04:00,Chile,Chile 3.500% 31-Jan-2034 USD,"https://bondblox.com/bond-market/Chile,-Republic-Of-(Government)-US168863DV76",4.93,4.49,44.0,CLP=X,https://finance.yahoo.com/quote/CLP=X/,889.7999877929688,-0.4508720024861246,-2.404245120708659,-1.0937738089955906,BondBloX,US Treasury,Yahoo Finance via yfinance,OK,
2026-06-03,2026-06-03T22:05:46.049487-04:00,Peru,Peru 5.375% 8-Feb-2035 USD,"https://bondblox.com/bond-market/Peru,-Republic-Of-(Government)-US715638EB48",5.21,4.49,72.0,PEN=X,https://finance.yahoo.com/quote/PEN=X/,3.40310001373291,1.968599956994077,-2.434056891814562,3.1905071566111776,BondBloX,US Treasury,Yahoo Finance via yfinance,OK,
2026-06-03,2026-06-03T22:05:46.747065-04:00,Argentina,Argentina 4.125% 9-Jul-2035 USD,"https://bondblox.com/bond-market/Argentina,-Republic-Of-(Government)-US040114HT09",8.43,4.49,394.0,ARS=X,https://finance.yahoo.com/quote/ARS=X/,1438.5,1.858692037803622,3.306390593661046,-0.7783267830751006,BondBloX,US Treasury,Yahoo Finance via yfinance,OK,
2026-06-04,2026-06-04T21:36:43.990841-04:00,Brazil,Brazil 6.625% 15-Mar-2035 USD,"https://bondblox.com/bond-market/Brazil,-Federative-Republic-Of-(Government)-US105756CL22",,4.47,,BRL=X,https://finance.yahoo.com/quote/BRL=X/,5.063600063323975,0.2355632331440649,2.6626290492669735,-8.218236699986203,BondBloX,US Treasury,Yahoo Finance via yfinance,PARTIAL_FAIL,"Bond: BondBloX HTTP error: 403 Client Error: Forbidden for url: https://bondblox.com/bond-market/Brazil,-Federative-Republic-Of-(Government)-US105756CL22"
2026-06-04,2026-06-04T21:36:44.998035-04:00,Colombia,Colombia 8.500% 25-Apr-2035 USD,"https://bondblox.com/bond-market/Colombia,-Republic-Of-(Government)-US195325ES00",,4.47,,COP=X,https://finance.yahoo.com/quote/COP=X/,3563.830078125,-2.395584299657827,-4.328251838431196,-5.423792329280186,BondBloX,US Treasury,Yahoo Finance via yfinance,PARTIAL_FAIL,"Bond: BondBloX HTTP error: 403 Client Error: Forbidden for url: https://bondblox.com/bond-market/Colombia,-Republic-Of-(Government)-US195325ES00"
2026-06-04,2026-06-04T21:36:45.816082-04:00,Chile,Chile 3.500% 31-Jan-2034 USD,"https://bondblox.com/bond-market/Chile,-Republic-Of-(Government)-US168863DV76",,4.47,,CLP=X,https://finance.yahoo.com/quote/CLP=X/,894.9600219726562,0.10402253227586034,-1.0897178744666558,-0.5202072606352526,BondBloX,US Treasury,Yahoo Finance via yfinance,PARTIAL_FAIL,"Bond: BondBloX HTTP error: 403 Client Error: Forbidden for url: https://bondblox.com/bond-market/Chile,-Republic-Of-(Government)-US168863DV76"
2026-06-04,2026-06-04T21:36:46.611117-04:00,Peru,Peru 5.375% 8-Feb-2035 USD,"https://bondblox.com/bond-market/Peru,-Republic-Of-(Government)-US715638EB48",,4.47,,PEN=X,https://finance.yahoo.com/quote/PEN=X/,3.4068000316619873,-0.03521011476832481,-1.5944501221705876,3.3027009578656896,BondBloX,US Treasury,Yahoo Finance via yfinance,PARTIAL_FAIL,"Bond: BondBloX HTTP error: 403 Client Error: Forbidden for url: https://bondblox.com/bond-market/Peru,-Republic-Of-(Government)-US715638EB48"
2026-06-04,2026-06-04T21:36:47.530461-04:00,Argentina,Argentina 4.125% 9-Jul-2035 USD,"https://bondblox.com/bond-market/Argentina,-Republic-Of-(Government)-US040114HT09",,4.47,,ARS=X,https://finance.yahoo.com/quote/ARS=X/,1436.5,1.9163319776022814,3.513253879809186,-0.916278362104539,BondBloX,US Treasury,Yahoo Finance via yfinance,PARTIAL_FAIL,"Bond: BondBloX HTTP error: 403 Client Error: Forbidden for url: https://bondblox.com/bond-market/Argentina,-Republic-Of-(Government)-US040114HT09"
2026-06-05,2026-06-05T21:28:13.263417-04:00,Brazil,Brazil 6.625% 15-Mar-2035 USD,"https://bondblox.com/bond-market/Brazil,-Federative-Republic-Of-(Government)-US105756CL22",6.15,4.55,160.0,BRL=X,https://finance.yahoo.com/quote/BRL=X/,5.17110013961792,2.6174852157008877,4.574412063327182,-6.2697126392870945,BondBloX,US Treasury,Yahoo Finance via yfinance,OK,
2026-06-05,2026-06-05T21:28:14.329241-04:00,Colombia,Colombia 8.500% 25-Apr-2035 USD,"https://bondblox.com/bond-market/Colombia,-Republic-Of-(Government)-US195325ES00",6.65,4.55,210.0,COP=X,https://finance.yahoo.com/quote/COP=X/,3594.409912109375,-2.307236039251215,-3.839558850913427,-4.612270829645726,BondBloX,US Treasury,Yahoo Finance via yfinance,OK,
2026-06-05,2026-06-05T21:28:15.111841-04:00,Chile,Chile 3.500% 31-Jan-2034 USD,"https://bondblox.com/bond-market/Chile,-Republic-Of-(Government)-US168863DV76",4.96,4.55,41.0,CLP=X,https://finance.yahoo.com/quote/CLP=X/,912.7000122070312,2.4389196289923865,1.850200551286174,1.4516914928130786,BondBloX,US Treasury,Yahoo Finance via yfinance,OK,
2026-06-05,2026-06-05T21:28:15.845753-04:00,Peru,Peru 5.375% 8-Feb-2035 USD,"https://bondblox.com/bond-market/Peru,-Republic-Of-(Government)-US715638EB48",5.24,4.55,69.0,PEN=X,https://finance.yahoo.com/quote/PEN=X/,3.4690001010894775,2.0894673084836723,0.3471242078030734,5.188762690843873,BondBloX,US Treasury,Yahoo Finance via yfinance,OK,
2026-06-05,2026-06-05T21:28:16.509061-04:00,Argentina,Argentina 4.125% 9-Jul-2035 USD,"https://bondblox.com/bond-market/Argentina,-Republic-Of-(Government)-US040114HT09",8.49,4.55,394.0,ARS=X,https://finance.yahoo.com/quote/ARS=X/,1440.5,1.908075112602936,3.2254542944810227,-0.6403752040456623,BondBloX,US Treasury,Yahoo Finance via yfinance,OK,
2026-06-08,2026-06-08T21:27:24.325511-04:00,Brazil,Brazil 6.625% 15-Mar-2035 USD,"https://bondblox.com/bond-market/Brazil,-Federative-Republic-Of-(Government)-US105756CL22",,4.56,,BRL=X,https://finance.yahoo.com/quote/BRL=X/,5.1921000480651855,3.046482774676318,5.674394166035768,-5.889072659366635,BondBloX,US Treasury,Yahoo Finance via yfinance,PARTIAL_FAIL,"Bond: BondBloX HTTP error: 403 Client Error: Forbidden for url: https://bondblox.com/bond-market/Brazil,-Federative-Republic-Of-(Government)-US105756CL22"
2026-06-08,2026-06-08T21:27:25.332382-04:00,Colombia,Colombia 8.500% 25-Apr-2035 USD,"https://bondblox.com/bond-market/Colombia,-Republic-Of-(Government)-US195325ES00",,4.56,,COP=X,https://finance.yahoo.com/quote/COP=X/,3589.219970703125,0.6646983060549783,-4.254530008891077,-4.750000453526848,BondBloX,US Treasury,Yahoo Finance via yfinance,PARTIAL_FAIL,"Bond: BondBloX HTTP error: 403 Client Error: Forbidden for url: https://bondblox.com/bond-market/Colombia,-Republic-Of-(Government)-US195325ES00"
2026-06-08,2026-06-08T21:27:26.172620-04:00,Chile,Chile 3.500% 31-Jan-2034 USD,"https://bondblox.com/bond-market/Chile,-Republic-Of-(Government)-US168863DV76",,4.56,,CLP=X,https://finance.yahoo.com/quote/CLP=X/,922.0,3.3701815678536695,3.34237570546545,2.4854369511676744,BondBloX,US Treasury,Yahoo Finance via yfinance,PARTIAL_FAIL,"Bond: BondBloX HTTP error: 403 Client Error: Forbidden for url: https://bondblox.com/bond-market/Chile,-Republic-Of-(Government)-US168863DV76"
2026-06-08,2026-06-08T21:27:26.927452-04:00,Peru,Peru 5.375% 8-Feb-2035 USD,"https://bondblox.com/bond-market/Peru,-Republic-Of-(Government)-US715638EB48",,4.56,,PEN=X,https://finance.yahoo.com/quote/PEN=X/,3.4649999141693115,4.010727947412307,2.501389241435037,5.067467014740479,BondBloX,US Treasury,Yahoo Finance via yfinance,PARTIAL_FAIL,"Bond: BondBloX HTTP error: 403 Client Error: Forbidden for url: https://bondblox.com/bond-market/Peru,-Republic-Of-(Government)-US715638EB48"
2026-06-08,2026-06-08T21:27:27.760744-04:00,Argentina,Argentina 4.125% 9-Jul-2035 USD,"https://bondblox.com/bond-market/Argentina,-Republic-Of-(Government)-US040114HT09",,4.56,,ARS=X,https://finance.yahoo.com/quote/ARS=X/,1446.0,1.3144257373663093,3.135994073892978,-0.26100836171469854,BondBloX,US Treasury,Yahoo Finance via yfinance,PARTIAL_FAIL,"Bond: BondBloX HTTP error: 403 Client Error: Forbidden for url: https://bondblox.com/bond-market/Argentina,-Republic-Of-(Government)-US040114HT09"
2026-06-09,2026-06-09T21:36:11.644602-04:00,Brazil,Brazil 6.625% 15-Mar-2035 USD,"https://bondblox.com/bond-market/Brazil,-Federative-Republic-Of-(Government)-US105756CL22",,4.53,,BRL=X,https://finance.yahoo.com/quote/BRL=X/,5.1757001876831055,3.0872231061685573,5.4887488341232915,-6.1863331232495655,BondBloX,US Treasury,Yahoo Finance via yfinance,PARTIAL_FAIL,"Bond: BondBloX HTTP error: 403 Client Error: Forbidden for url: https://bondblox.com/bond-market/Brazil,-Federative-Republic-Of-(Government)-US105756CL22"
2026-06-09,2026-06-09T21:36:12.701696-04:00,Colombia,Colombia 8.500% 25-Apr-2035 USD,"https://bondblox.com/bond-market/Colombia,-Republic-Of-(Government)-US195325ES00",,4.53,,COP=X,https://finance.yahoo.com/quote/COP=X/,3566.3701171875,-0.5823356132885871,-5.158814174512017,-5.356385282198661,BondBloX,US Treasury,Yahoo Finance via yfinance,PARTIAL_FAIL,"Bond: BondBloX HTTP error: 403 Client Error: Forbidden for url: https://bondblox.com/bond-market/Colombia,-Republic-Of-(Government)-US195325ES00"
2026-06-09,2026-06-09T21:36:13.482538-04:00,Chile,Chile 3.500% 31-Jan-2034 USD,"https://bondblox.com/bond-market/Chile,-Republic-Of-(Government)-US168863DV76",,4.53,,CLP=X,https://finance.yahoo.com/quote/CLP=X/,916.52001953125,3.0029256130421844,2.151094431502698,1.8763065901875153,BondBloX,US Treasury,Yahoo Finance via yfinance,PARTIAL_FAIL,"Bond: BondBloX HTTP error: 403 Client Error: Forbidden for url: https://bondblox.com/bond-market/Chile,-Republic-Of-(Government)-US168863DV76"
2026-06-09,2026-06-09T21:36:14.499115-04:00,Peru,Peru 5.375% 8-Feb-2035 USD,"https://bondblox.com/bond-market/Peru,-Republic-Of-(Government)-US715638EB48",,4.53,,PEN=X,https://finance.yahoo.com/quote/PEN=X/,3.3884999752044678,-0.39682467375830033,-1.1522753325654,2.7477974583430154,BondBloX,US Treasury,Yahoo Finance via yfinance,PARTIAL_FAIL,"Bond: BondBloX HTTP error: 403 Client Error: Forbidden for url: https://bondblox.com/bond-market/Peru,-Republic-Of-(Government)-US715638EB48"
2026-06-09,2026-06-09T21:36:15.306917-04:00,Argentina,Argentina 4.125% 9-Jul-2035 USD,"https://bondblox.com/bond-market/Argentina,-Republic-Of-(Government)-US040114HT09",,4.53,,ARS=X,https://finance.yahoo.com/quote/ARS=X/,1441.0,1.000372098960689,3.426721949442424,-0.6058873092882999,BondBloX,US Treasury,Yahoo Finance via yfinance,PARTIAL_FAIL,"Bond: BondBloX HTTP error: 403 Client Error: Forbidden for url: https://bondblox.com/bond-market/Argentina,-Republic-Of-(Government)-US040114HT09"
2026-06-10,2026-06-10T21:59:55.420303-04:00,Brazil,Brazil 6.625% 15-Mar-2035 USD,"https://bondblox.com/bond-market/Brazil,-Federative-Republic-Of-(Government)-US105756CL22",,4.55,,BRL=X,https://finance.yahoo.com/quote/BRL=X/,5.190100193023682,3.3740358096568057,5.7822431424290555,-5.92532161658249,BondBloX,US Treasury,Yahoo Finance via yfinance,PARTIAL_FAIL,"Bond: BondBloX HTTP error: 403 Client Error: Forbidden for url: https://bondblox.com/bond-market/Brazil,-Federative-Republic-Of-(Government)-US105756CL22"
2026-06-10,2026-06-10T21:59:56.271196-04:00,Colombia,Colombia 8.500% 25-Apr-2035 USD,"https://bondblox.com/bond-market/Colombia,-Republic-Of-(Government)-US195325ES00",,4.55,,COP=X,https://finance.yahoo.com/quote/COP=X/,3547.27001953125,-0.7776085026742652,-6.312033236438208,-5.863259842115642,BondBloX,US Treasury,Yahoo Finance via yfinance,PARTIAL_FAIL,"Bond: BondBloX HTTP error: 403 Client Error: Forbidden for url: https://bondblox.com/bond-market/Colombia,-Republic-Of-(Government)-US195325ES00"
2026-06-10,2026-06-10T21:59:56.944523-04:00,Chile,Chile 3.500% 31-Jan-2034 USD,"https://bondblox.com/bond-market/Chile,-Republic-Of-(Government)-US168863DV76",,4.55,,CLP=X,https://finance.yahoo.com/quote/CLP=X/,916.4299926757812,2.9928079622550507,2.1410604533915967,1.8662996036147739,BondBloX,US Treasury,Yahoo Finance via yfinance,PARTIAL_FAIL,"Bond: BondBloX HTTP error: 403 Client Error: Forbidden for url: https://bondblox.com/bond-market/Chile,-Republic-Of-(Government)-US168863DV76"
2026-06-10,2026-06-10T21:59:57.566719-04:00,Peru,Peru 5.375% 8-Feb-2035 USD,"https://bondblox.com/bond-market/Peru,-Republic-Of-(Government)-US715638EB48",,4.55,,PEN=X,https://finance.yahoo.com/quote/PEN=X/,3.393699884414673,-0.2586342388428031,1.0167741873215563,2.905471716050423,BondBloX,US Treasury,Yahoo Finance via yfinance,PARTIAL_FAIL,"Bond: BondBloX HTTP error: 403 Client Error: Forbidden for url: https://bondblox.com/bond-market/Peru,-Republic-Of-(Government)-US715638EB48"
2026-06-10,2026-06-10T21:59:58.243875-04:00,Argentina,Argentina 4.125% 9-Jul-2035 USD,"https://bondblox.com/bond-market/Argentina,-Republic-Of-(Government)-US040114HT09",,4.55,,ARS=X,https://finance.yahoo.com/quote/ARS=X/,1441.97998046875,1.069059393890237,3.4970593314391563,-0.538292382747263,BondBloX,US Treasury,Yahoo Finance via yfinance,PARTIAL_FAIL,"Bond: BondBloX HTTP error: 403 Client Error: Forbidden for url: https://bondblox.com/bond-market/Argentina,-Republic-Of-(Government)-US040114HT09"
2026-06-11,2026-06-11T21:55:53.454993-04:00,Brazil,Brazil 6.625% 15-Mar-2035 USD,"https://bondblox.com/bond-market/Brazil,-Federative-Republic-Of-(Government)-US105756CL22",6.36,4.45,191.0,BRL=X,https://finance.yahoo.com/quote/BRL=X/,5.1921000480651855,2.259026979511791,5.7518817037471415,-5.889072659366635,BondBloX,US Treasury,Yahoo Finance via yfinance,OK,
2026-06-11,2026-06-11T21:55:54.508372-04:00,Colombia,Colombia 8.500% 25-Apr-2035 USD,"https://bondblox.com/bond-market/Colombia,-Republic-Of-(Government)-US195325ES00",6.65,4.45,220.0,COP=X,https://finance.yahoo.com/quote/COP=X/,3484.31005859375,-2.6095158390777917,-8.12921012564749,-7.534078655031151,BondBloX,US Treasury,Yahoo Finance via yfinance,OK,
2026-06-11,2026-06-11T21:55:55.352487-04:00,Chile,Chile 3.500% 31-Jan-2034 USD,"https://bondblox.com/bond-market/Chile,-Republic-Of-(Government)-US168863DV76",5.05,4.45,60.0,CLP=X,https://finance.yahoo.com/quote/CLP=X/,915.1799926757812,2.259315523229355,0.24316187452855242,1.7273551392015918,BondBloX,US Treasury,Yahoo Finance via yfinance,OK,
2026-06-11,2026-06-11T21:55:56.268181-04:00,Peru,Peru 5.375% 8-Feb-2035 USD,"https://bondblox.com/bond-market/Peru,-Republic-Of-(Government)-US715638EB48",5.32,4.45,87.0,PEN=X,https://finance.yahoo.com/quote/PEN=X/,3.3986001014709473,1.9641316312752455,-0.8287115239587362,3.054058557804673,BondBloX,US Treasury,Yahoo Finance via yfinance,OK,
2026-06-11,2026-06-11T21:55:57.213557-04:00,Argentina,Argentina 4.125% 9-Jul-2035 USD,"https://bondblox.com/bond-market/Argentina,-Republic-Of-(Government)-US040114HT09",8.61,4.45,416.0,ARS=X,https://finance.yahoo.com/quote/ARS=X/,1433.2506103515625,-0.3991519685462852,3.484610338370109,-1.1404075785464762,BondBloX,US Treasury,Yahoo Finance via yfinance,OK,
2026-06-12,2026-06-12T21:37:51.933422-04:00,Brazil,Brazil 6.625% 15-Mar-2035 USD,"https://bondblox.com/bond-market/Brazil,-Federative-Republic-Of-(Government)-US105756CL22",,4.48,,BRL=X,https://finance.yahoo.com/quote/BRL=X/,5.06279993057251,0.04149605528360745,0.7542432946582966,-8.232739740093075,BondBloX,US Treasury,Yahoo Finance via yfinance,PARTIAL_FAIL,"Bond: BondBloX HTTP error: 403 Client Error: Forbidden for url: https://bondblox.com/bond-market/Brazil,-Federative-Republic-Of-(Government)-US105756CL22"
2026-06-12,2026-06-12T21:37:53.417414-04:00,Colombia,Colombia 8.500% 25-Apr-2035 USD,"https://bondblox.com/bond-market/Colombia,-Republic-Of-(Government)-US195325ES00",,4.48,,COP=X,https://finance.yahoo.com/quote/COP=X/,3454.449951171875,-4.1564720133354545,-8.804957550372317,-8.326500195534859,BondBloX,US Treasury,Yahoo Finance via yfinance,PARTIAL_FAIL,"Bond: BondBloX HTTP error: 403 Client Error: Forbidden for url: https://bondblox.com/bond-market/Colombia,-Republic-Of-(Government)-US195325ES00"
2026-06-12,2026-06-12T21:37:54.159233-04:00,Chile,Chile 3.500% 31-Jan-2034 USD,"https://bondblox.com/bond-market/Chile,-Republic-Of-(Government)-US168863DV76",,4.48,,CLP=X,https://finance.yahoo.com/quote/CLP=X/,898.7000122070312,0.34277629238430585,1.362479659422422,-0.10448650861462072,BondBloX,US Treasury,Yahoo Finance via yfinance,PARTIAL_FAIL,"Bond: BondBloX HTTP error: 403 Client Error: Forbidden for url: https://bondblox.com/bond-market/Chile,-Republic-Of-(Government)-US168863DV76"
2026-06-12,2026-06-12T21:37:54.905256-04:00,Peru,Peru 5.375% 8-Feb-2035 USD,"https://bondblox.com/bond-market/Peru,-Republic-Of-(Government)-US715638EB48",,4.48,,PEN=X,https://finance.yahoo.com/quote/PEN=X/,3.399899959564209,2.0031297180657104,-0.7907816122021294,3.0934735075075936,BondBloX,US Treasury,Yahoo Finance via yfinance,PARTIAL_FAIL,"Bond: BondBloX HTTP error: 403 Client Error: Forbidden for url: https://bondblox.com/bond-market/Peru,-Republic-Of-(Government)-US715638EB48"
2026-06-12,2026-06-12T21:37:55.664250-04:00,Argentina,Argentina 4.125% 9-Jul-2035 USD,"https://bondblox.com/bond-market/Argentina,-Republic-Of-(Government)-US040114HT09",,4.48,,ARS=X,https://finance.yahoo.com/quote/ARS=X/,1428.5,-0.5898718198120712,2.6216134755831177,-1.4680846782223034,BondBloX,US Treasury,Yahoo Finance via yfinance,PARTIAL_FAIL,"Bond: BondBloX HTTP error: 403 Client Error: Forbidden for url: https://bondblox.com/bond-market/Argentina,-Republic-Of-(Government)-US040114HT09"
2026-06-15,2026-06-15T22:06:54.939097-04:00,Brazil,Brazil 6.625% 15-Mar-2035 USD,"https://bondblox.com/bond-market/Brazil,-Federative-Republic-Of-(Government)-US105756CL22",,4.47,,BRL=X,https://finance.yahoo.com/quote/BRL=X/,5.0528998374938965,-2.886747536495715,-0.1482130196784337,-8.412186771498808,BondBloX,US Treasury,Yahoo Finance via yfinance,PARTIAL_FAIL,"Bond: BondBloX HTTP error: 403 Client Error: Forbidden for url: https://bondblox.com/bond-market/Brazil,-Federative-Republic-Of-(Government)-US105756CL22"
2026-06-15,2026-06-15T22:06:55.762081-04:00,Colombia,Colombia 8.500% 25-Apr-2035 USD,"https://bondblox.com/bond-market/Colombia,-Republic-Of-(Government)-US195325ES00",,4.47,,COP=X,https://finance.yahoo.com/quote/COP=X/,3489.030029296875,-2.895575011984264,-8.11959017324626,-7.408821019388401,BondBloX,US Treasury,Yahoo Finance via yfinance,PARTIAL_FAIL,"Bond: BondBloX HTTP error: 403 Client Error: Forbidden for url: https://bondblox.com/bond-market/Colombia,-Republic-Of-(Government)-US195325ES00"
2026-06-15,2026-06-15T22:06:56.354813-04:00,Chile,Chile 3.500% 31-Jan-2034 USD,"https://bondblox.com/bond-market/Chile,-Republic-Of-(Government)-US168863DV76",,4.47,,CLP=X,https://finance.yahoo.com/quote/CLP=X/,888.72998046875,-3.7045467726896653,-1.0025286217243856,-1.2127110846610112,BondBloX,US Treasury,Yahoo Finance via yfinance,PARTIAL_FAIL,"Bond: BondBloX HTTP error: 403 Client Error: Forbidden for url: https://bondblox.com/bond-market/Chile,-Republic-Of-(Government)-US168863DV76"
2026-06-15,2026-06-15T22:06:56.926063-04:00,Peru,Peru 5.375% 8-Feb-2035 USD,"https://bondblox.com/bond-market/Peru,-Republic-Of-(Government)-US715638EB48",,4.47,,PEN=X,https://finance.yahoo.com/quote/PEN=X/,3.4038000106811523,-1.9077814807854865,1.1173171695651574,3.2117328155120806,BondBloX,US Treasury,Yahoo Finance via yfinance,PARTIAL_FAIL,"Bond: BondBloX HTTP error: 403 Client Error: Forbidden for url: https://bondblox.com/bond-market/Peru,-Republic-Of-(Government)-US715638EB48"
2026-06-15,2026-06-15T22:06:57.471175-04:00,Argentina,Argentina 4.125% 9-Jul-2035 USD,"https://bondblox.com/bond-market/Argentina,-Republic-Of-(Government)-US040114HT09",,4.47,,ARS=X,https://finance.yahoo.com/quote/ARS=X/,1428.5,-1.243657930227593,2.4063533518136504,-1.4680846782223034,BondBloX,US Treasury,Yahoo Finance via yfinance,PARTIAL_FAIL,"Bond: BondBloX HTTP error: 403 Client Error: Forbidden for url: https://bondblox.com/bond-market/Argentina,-Republic-Of-(Government)-US040114HT09"
2026-06-16,2026-06-16T22:01:10.126173-04:00,Brazil,Brazil 6.625% 15-Mar-2035 USD,"https://bondblox.com/bond-market/Brazil,-Federative-Republic-Of-(Government)-US105756CL22",6.2,4.43,177.0,BRL=X,https://finance.yahoo.com/quote/BRL=X/,5.075099945068359,-2.4600767690290404,0.2904896033216975,-8.009792231418045,BondBloX,US Treasury,Yahoo Finance via yfinance,OK,
2026-06-16,2026-06-16T22:01:12.155023-04:00,Colombia,Colombia 8.500% 25-Apr-2035 USD,"https://bondblox.com/bond-market/Colombia,-Republic-Of-(Government)-US195325ES00",6.4,4.43,197.0,COP=X,https://finance.yahoo.com/quote/COP=X/,3427.43994140625,-4.125943440100954,-9.74768840374175,-9.043286416197184,BondBloX,US Treasury,Yahoo Finance via yfinance,OK,
2026-06-16,2026-06-16T22:01:13.216830-04:00,Chile,Chile 3.500% 31-Jan-2034 USD,"https://bondblox.com/bond-market/Chile,-Republic-Of-(Government)-US168863DV76",4.91,4.43,48.0,CLP=X,https://finance.yahoo.com/quote/CLP=X/,889.969970703125,-3.5701916544414902,-0.8644035438777564,-1.0748792614667546,BondBloX,US Treasury,Yahoo Finance via yfinance,OK,
2026-06-16,2026-06-16T22:01:14.247788-04:00,Peru,Peru 5.375% 8-Feb-2035 USD,"https://bondblox.com/bond-market/Peru,-Republic-Of-(Government)-US715638EB48",5.18,4.43,75.0,PEN=X,https://finance.yahoo.com/quote/PEN=X/,3.4114999771118164,0.6639137961697683,-0.2922691964934998,3.445215063422147,BondBloX,US Treasury,Yahoo Finance via yfinance,OK,
2026-06-16,2026-06-16T22:01:15.689464-04:00,Argentina,Argentina 4.125% 9-Jul-2035 USD,"https://bondblox.com/bond-market/Argentina,-Republic-Of-(Government)-US040114HT09",7.96,4.43,353.0,ARS=X,https://finance.yahoo.com/quote/ARS=X/,1429.4814453125,-1.175807773416937,2.476711234534945,-1.400388712927092,BondBloX,US Treasury,Yahoo Finance via yfinance,OK,
2026-06-17,2026-06-17T22:01:22.513454-04:00,Brazil,Brazil 6.625% 15-Mar-2035 USD,"https://bondblox.com/bond-market/Brazil,-Federative-Republic-Of-(Government)-US105756CL22",6.15,4.49,166.0,BRL=X,https://finance.yahoo.com/quote/BRL=X/,5.104899883270264,-1.6794777447983966,0.9232533677532517,-7.469644739475967,BondBloX,US Treasury,Yahoo Finance via yfinance,OK,
2026-06-17,2026-06-17T22:01:23.477099-04:00,Colombia,Colombia 8.500% 25-Apr-2035 USD,"https://bondblox.com/bond-market/Colombia,-Republic-Of-(Government)-US195325ES00",6.37,4.49,188.0,COP=X,https://finance.yahoo.com/quote/COP=X/,3452.419921875,-2.985666058739689,-8.973174560015817,-8.380372705769668,BondBloX,US Treasury,Yahoo Finance via yfinance,OK,
2026-06-17,2026-06-17T22:01:24.272073-04:00,Chile,Chile 3.500% 31-Jan-2034 USD,"https://bondblox.com/bond-market/Chile,-Republic-Of-(Government)-US168863DV76",4.89,4.49,40.0,CLP=X,https://finance.yahoo.com/quote/CLP=X/,885.260009765625,-3.4012399375042857,-1.6923920304691809,-1.598417661361129,BondBloX,US Treasury,Yahoo Finance via yfinance,OK,
2026-06-17,2026-06-17T22:01:25.074985-04:00,Peru,Peru 5.375% 8-Feb-2035 USD,"https://bondblox.com/bond-market/Peru,-Republic-Of-(Government)-US715638EB48",5.17,4.49,68.0,PEN=X,https://finance.yahoo.com/quote/PEN=X/,3.3884999752044678,1.6915585282098577,1.0311542129882056,2.7477974583430154,BondBloX,US Treasury,Yahoo Finance via yfinance,OK,
2026-06-17,2026-06-17T22:01:25.881246-04:00,Argentina,Argentina 4.125% 9-Jul-2035 USD,"https://bondblox.com/bond-market/Argentina,-Republic-Of-(Government)-US040114HT09",,4.49,,ARS=X,https://finance.yahoo.com/quote/ARS=X/,1441.0,0.5406862967626269,3.0392311497341673,-0.6058873092882999,BondBloX,US Treasury,Yahoo Finance via yfinance,PARTIAL_FAIL,Bond: Found Yield label but no decimal numeric yield after it
2026-06-18,2026-06-18T22:16:48.587606-04:00,Brazil,Brazil 6.625% 15-Mar-2035 USD,"https://bondblox.com/bond-market/Brazil,-Federative-Republic-Of-(Government)-US105756CL22",,4.46,,BRL=X,https://finance.yahoo.com/quote/BRL=X/,5.122099876403809,-1.34820536995357,1.2632951520454627,-7.157881235486152,BondBloX,US Treasury,Yahoo Finance via yfinance,PARTIAL_FAIL,"Bond: BondBloX HTTP error: 403 Client Error: Forbidden for url: https://bondblox.com/bond-market/Brazil,-Federative-Republic-Of-(Government)-US105756CL22"
2026-06-18,2026-06-18T22:16:49.412602-04:00,Colombia,Colombia 8.500% 25-Apr-2035 USD,"https://bondblox.com/bond-market/Colombia,-Republic-Of-(Government)-US195325ES00",,4.46,,COP=X,https://finance.yahoo.com/quote/COP=X/,3437.469970703125,-1.7902167692995796,-7.71521321445795,-8.777111510848234,BondBloX,US Treasury,Yahoo Finance via yfinance,PARTIAL_FAIL,"Bond: BondBloX HTTP error: 403 Client Error: Forbidden for url: https://bondblox.com/bond-market/Colombia,-Republic-Of-(Government)-US195325ES00"
2026-06-18,2026-06-18T22:16:50.093176-04:00,Chile,Chile 3.500% 31-Jan-2034 USD,"https://bondblox.com/bond-market/Chile,-Republic-Of-(Government)-US168863DV76",,4.46,,CLP=X,https://finance.yahoo.com/quote/CLP=X/,886.3499755859375,-3.15020185324979,-2.0640258451368965,-1.4772618876555343,BondBloX,US Treasury,Yahoo Finance via yfinance,PARTIAL_FAIL,"Bond: BondBloX HTTP error: 403 Client Error: Forbidden for url: https://bondblox.com/bond-market/Chile,-Republic-Of-(Government)-US168863DV76"
2026-06-18,2026-06-18T22:16:50.752221-04:00,Peru,Peru 5.375% 8-Feb-2035 USD,"https://bondblox.com/bond-market/Peru,-Republic-Of-(Government)-US715638EB48",,4.46,,PEN=X,https://finance.yahoo.com/quote/PEN=X/,3.3812999725341797,1.512037044857495,-0.8707135942834343,2.5294753625839217,BondBloX,US Treasury,Yahoo Finance via yfinance,PARTIAL_FAIL,"Bond: BondBloX HTTP error: 403 Client Error: Forbidden for url: https://bondblox.com/bond-market/Peru,-Republic-Of-(Government)-US715638EB48"
2026-06-18,2026-06-18T22:16:51.390375-04:00,Argentina,Argentina 4.125% 9-Jul-2035 USD,"https://bondblox.com/bond-market/Argentina,-Republic-Of-(Government)-US040114HT09",,4.46,,ARS=X,https://finance.yahoo.com/quote/ARS=X/,1441.467529296875,0.573306502433435,3.0726620028153517,-0.5736391069150804,BondBloX,US Treasury,Yahoo Finance via yfinance,PARTIAL_FAIL,"Bond: BondBloX HTTP error: 403 Client Error: Forbidden for url: https://bondblox.com/bond-market/Argentina,-Republic-Of-(Government)-US040114HT09"
2026-06-19,2026-06-19T21:35:31.458860-04:00,Brazil,Brazil 6.625% 15-Mar-2035 USD,"https://bondblox.com/bond-market/Brazil,-Federative-Republic-Of-(Government)-US105756CL22",,4.46,,BRL=X,https://finance.yahoo.com/quote/BRL=X/,5.150000095367432,0.707889361994174,2.759541428753165,-6.652167659983743,BondBloX,US Treasury,Yahoo Finance via yfinance,PARTIAL_FAIL,"Bond: BondBloX HTTP error: 403 Client Error: Forbidden for url: https://bondblox.com/bond-market/Brazil,-Federative-Republic-Of-(Government)-US105756CL22"
2026-06-19,2026-06-19T21:35:32.582946-04:00,Colombia,Colombia 8.500% 25-Apr-2035 USD,"https://bondblox.com/bond-market/Colombia,-Republic-Of-(Government)-US195325ES00",,4.46,,COP=X,https://finance.yahoo.com/quote/COP=X/,3436.080078125,-1.5669836172086948,-6.902241355132155,-8.813996201259144,BondBloX,US Treasury,Yahoo Finance via yfinance,PARTIAL_FAIL,"Bond: BondBloX HTTP error: 403 Client Error: Forbidden for url: https://bondblox.com/bond-market/Colombia,-Republic-Of-(Government)-US195325ES00"
2026-06-19,2026-06-19T21:35:33.514196-04:00,Chile,Chile 3.500% 31-Jan-2034 USD,"https://bondblox.com/bond-market/Chile,-Republic-Of-(Government)-US168863DV76",,4.46,,CLP=X,https://finance.yahoo.com/quote/CLP=X/,903.1500244140625,-0.3167695034677398,0.6037499095755239,0.39015714157586423,BondBloX,US Treasury,Yahoo Finance via yfinance,PARTIAL_FAIL,"Bond: BondBloX HTTP error: 403 Client Error: Forbidden for url: https://bondblox.com/bond-market/Chile,-Republic-Of-(Government)-US168863DV76"
2026-06-19,2026-06-19T21:35:34.443464-04:00,Peru,Peru 5.375% 8-Feb-2035 USD,"https://bondblox.com/bond-market/Peru,-Republic-Of-(Government)-US715638EB48",,4.46,,PEN=X,https://finance.yahoo.com/quote/PEN=X/,3.38070011138916,1.4940282531887172,-0.8882996729310921,2.511286071781904,BondBloX,US Treasury,Yahoo Finance via yfinance,PARTIAL_FAIL,"Bond: BondBloX HTTP error: 403 Client Error: Forbidden for url: https://bondblox.com/bond-market/Peru,-Republic-Of-(Government)-US715638EB48"
2026-06-19,2026-06-19T21:35:35.262269-04:00,Argentina,Argentina 4.125% 9-Jul-2035 USD,"https://bondblox.com/bond-market/Argentina,-Republic-Of-(Government)-US040114HT09",,4.46,,ARS=X,https://finance.yahoo.com/quote/ARS=X/,1463.0,2.1286139761387712,4.712157890354551,0.9115800600355328,BondBloX,US Treasury,Yahoo Finance via yfinance,PARTIAL_FAIL,"Bond: BondBloX HTTP error: 403 Client Error: Forbidden for url: https://bondblox.com/bond-market/Argentina,-Republic-Of-(Government)-US040114HT09"
2026-06-22,2026-06-22T21:30:16.343893-04:00,Brazil,Brazil 6.625% 15-Mar-2035 USD,"https://bondblox.com/bond-market/Brazil,-Federative-Republic-Of-(Government)-US105756CL22",,4.51,,BRL=X,https://finance.yahoo.com/quote/BRL=X/,5.140999794006348,1.2984936188700225,2.294201794232964,-6.815305253557735,BondBloX,US Treasury,Yahoo Finance via yfinance,PARTIAL_FAIL,"Bond: BondBloX HTTP error: 403 Client Error: Forbidden for url: https://bondblox.com/bond-market/Brazil,-Federative-Republic-Of-(Government)-US105756CL22"
2026-06-22,2026-06-22T21:30:17.302498-04:00,Colombia,Colombia 8.500% 25-Apr-2035 USD,"https://bondblox.com/bond-market/Colombia,-Republic-Of-(Government)-US195325ES00",,4.51,,COP=X,https://finance.yahoo.com/quote/COP=X/,3431.330078125,-1.6726330017935775,-6.7555594300348965,-8.940050748358164,BondBloX,US Treasury,Yahoo Finance via yfinance,PARTIAL_FAIL,"Bond: BondBloX HTTP error: 403 Client Error: Forbidden for url: https://bondblox.com/bond-market/Colombia,-Republic-Of-(Government)-US195325ES00"
2026-06-22,2026-06-22T21:30:17.993015-04:00,Chile,Chile 3.500% 31-Jan-2034 USD,"https://bondblox.com/bond-market/Chile,-Republic-Of-(Government)-US168863DV76",,4.51,,CLP=X,https://finance.yahoo.com/quote/CLP=X/,901.2100219726562,0.23356837932042573,0.31947759549728616,0.17451506143069118,BondBloX,US Treasury,Yahoo Finance via yfinance,PARTIAL_FAIL,"Bond: BondBloX HTTP error: 403 Client Error: Forbidden for url: https://bondblox.com/bond-market/Chile,-Republic-Of-(Government)-US168863DV76"
2026-06-22,2026-06-22T21:30:18.673792-04:00,Peru,Peru 5.375% 8-Feb-2035 USD,"https://bondblox.com/bond-market/Peru,-Republic-Of-(Government)-US715638EB48",,4.51,,PEN=X,https://finance.yahoo.com/quote/PEN=X/,3.383500099182129,1.5356236482507502,1.6543566721812786,2.5961887073855605,BondBloX,US Treasury,Yahoo Finance via yfinance,PARTIAL_FAIL,"Bond: BondBloX HTTP error: 403 Client Error: Forbidden for url: https://bondblox.com/bond-market/Peru,-Republic-Of-(Government)-US715638EB48"
2026-06-22,2026-06-22T21:30:19.337440-04:00,Argentina,Argentina 4.125% 9-Jul-2035 USD,"https://bondblox.com/bond-market/Argentina,-Republic-Of-(Government)-US040114HT09",,4.51,,ARS=X,https://finance.yahoo.com/quote/ARS=X/,1461.0,2.2048942846270903,4.2311980379455605,0.7736284810061056,BondBloX,US Treasury,Yahoo Finance via yfinance,PARTIAL_FAIL,"Bond: BondBloX HTTP error: 403 Client Error: Forbidden for url: https://bondblox.com/bond-market/Argentina,-Republic-Of-(Government)-US040114HT09"
2026-06-23,2026-06-23T21:24:58.399780-04:00,Brazil,Brazil 6.625% 15-Mar-2035 USD,"https://bondblox.com/bond-market/Brazil,-Federative-Republic-Of-(Government)-US105756CL22",,4.5,,BRL=X,https://finance.yahoo.com/quote/BRL=X/,5.183000087738037,1.5896035874707781,3.4448402437480707,-6.054016650665495,BondBloX,US Treasury,Yahoo Finance via yfinance,PARTIAL_FAIL,"Bond: BondBloX HTTP error: 403 Client Error: Forbidden for url: https://bondblox.com/bond-market/Brazil,-Federative-Republic-Of-(Government)-US105756CL22"
2026-06-23,2026-06-23T21:24:59.359073-04:00,Colombia,Colombia 8.500% 25-Apr-2035 USD,"https://bondblox.com/bond-market/Colombia,-Republic-Of-(Government)-US195325ES00",,4.5,,COP=X,https://finance.yahoo.com/quote/COP=X/,3414.260009765625,-0.5574617907182722,-6.010832189508408,-9.393052798040348,BondBloX,US Treasury,Yahoo Finance via yfinance,PARTIAL_FAIL,"Bond: BondBloX HTTP error: 403 Client Error: Forbidden for url: https://bondblox.com/bond-market/Colombia,-Republic-Of-(Government)-US195325ES00"
2026-06-23,2026-06-23T21:25:00.230229-04:00,Chile,Chile 3.500% 31-Jan-2034 USD,"https://bondblox.com/bond-market/Chile,-Republic-Of-(Government)-US168863DV76",,4.5,,CLP=X,https://finance.yahoo.com/quote/CLP=X/,905.9500122070312,1.7955708653047076,1.039448520957853,0.7013913849818643,BondBloX,US Treasury,Yahoo Finance via yfinance,PARTIAL_FAIL,"Bond: BondBloX HTTP error: 403 Client Error: Forbidden for url: https://bondblox.com/bond-market/Chile,-Republic-Of-(Government)-US168863DV76"
2026-06-23,2026-06-23T21:25:01.060308-04:00,Peru,Peru 5.375% 8-Feb-2035 USD,"https://bondblox.com/bond-market/Peru,-Republic-Of-(Government)-US715638EB48",,4.5,,PEN=X,https://finance.yahoo.com/quote/PEN=X/,3.387500047683716,-0.4847237359770662,1.508169010663285,2.7174771540410925,BondBloX,US Treasury,Yahoo Finance via yfinance,PARTIAL_FAIL,"Bond: BondBloX HTTP error: 403 Client Error: Forbidden for url: https://bondblox.com/bond-market/Peru,-Republic-Of-(Government)-US715638EB48"
2026-06-23,2026-06-23T21:25:01.950338-04:00,Argentina,Argentina 4.125% 9-Jul-2035 USD,"https://bondblox.com/bond-market/Argentina,-Republic-Of-(Government)-US040114HT09",,4.5,,ARS=X,https://finance.yahoo.com/quote/ARS=X/,1470.5,2.3506082622318347,4.959873528884118,1.428898481395935,BondBloX,US Treasury,Yahoo Finance via yfinance,PARTIAL_FAIL,"Bond: BondBloX HTTP error: 403 Client Error: Forbidden for url: https://bondblox.com/bond-market/Argentina,-Republic-Of-(Government)-US040114HT09"
2026-06-24,2026-06-24T21:31:38.823091-04:00,Brazil,Brazil 6.625% 15-Mar-2035 USD,"https://bondblox.com/bond-market/Brazil,-Federative-Republic-Of-(Government)-US105756CL22",,4.41,,BRL=X,https://finance.yahoo.com/quote/BRL=X/,5.187600135803223,1.2787774736911395,2.836758157583219,-5.970637134627966,BondBloX,US Treasury,Yahoo Finance via yfinance,PARTIAL_FAIL,"Bond: BondBloX HTTP error: 403 Client Error: Forbidden for url: https://bondblox.com/bond-market/Brazil,-Federative-Republic-Of-(Government)-US105756CL22"
2026-06-24,2026-06-24T21:31:39.878076-04:00,Colombia,Colombia 8.500% 25-Apr-2035 USD,"https://bondblox.com/bond-market/Colombia,-Republic-Of-(Government)-US195325ES00",,4.41,,COP=X,https://finance.yahoo.com/quote/COP=X/,3435.0400390625,-0.6869437212386753,-6.457996621300433,-8.841596549256769,BondBloX,US Treasury,Yahoo Finance via yfinance,PARTIAL_FAIL,"Bond: BondBloX HTTP error: 403 Client Error: Forbidden for url: https://bondblox.com/bond-market/Colombia,-Republic-Of-(Government)-US195325ES00"
2026-06-24,2026-06-24T21:31:40.715739-04:00,Chile,Chile 3.500% 31-Jan-2034 USD,"https://bondblox.com/bond-market/Chile,-Republic-Of-(Government)-US168863DV76",,4.41,,CLP=X,https://finance.yahoo.com/quote/CLP=X/,913.469970703125,3.186629987382883,1.8690488920374504,1.5372766695011864,BondBloX,US Treasury,Yahoo Finance via yfinance,PARTIAL_FAIL,"Bond: BondBloX HTTP error: 403 Client Error: Forbidden for url: https://bondblox.com/bond-market/Chile,-Republic-Of-(Government)-US168863DV76"
2026-06-24,2026-06-24T21:31:41.528409-04:00,Peru,Peru 5.375% 8-Feb-2035 USD,"https://bondblox.com/bond-market/Peru,-Republic-Of-(Government)-US715638EB48",,4.41,,PEN=X,https://finance.yahoo.com/quote/PEN=X/,3.4182000160217285,2.202640094257302,0.4171554632699248,3.648377007030268,BondBloX,US Treasury,Yahoo Finance via yfinance,PARTIAL_FAIL,"Bond: BondBloX HTTP error: 403 Client Error: Forbidden for url: https://bondblox.com/bond-market/Peru,-Republic-Of-(Government)-US715638EB48"
2026-06-24,2026-06-24T21:31:42.323624-04:00,Argentina,Argentina 4.125% 9-Jul-2035 USD,"https://bondblox.com/bond-market/Argentina,-Republic-Of-(Government)-US040114HT09",,4.41,,ARS=X,https://finance.yahoo.com/quote/ARS=X/,1479.0,2.6037680308645506,4.856397589923511,2.0151926922710617,BondBloX,US Treasury,Yahoo Finance via yfinance,PARTIAL_FAIL,"Bond: BondBloX HTTP error: 403 Client Error: Forbidden for url: https://bondblox.com/bond-market/Argentina,-Republic-Of-(Government)-US040114HT09"
2026-06-25,2026-06-25T21:36:43.246600-04:00,Brazil,Brazil 6.625% 15-Mar-2035 USD,"https://bondblox.com/bond-market/Brazil,-Federative-Republic-Of-(Government)-US105756CL22",,4.4,,BRL=X,https://finance.yahoo.com/quote/BRL=X/,5.179999828338623,-0.028951649365160925,2.111218706297291,-6.108398729540598,BondBloX,US Treasury,Yahoo Finance via yfinance,PARTIAL_FAIL,"Bond: BondBloX HTTP error: 403 Client Error: Forbidden for url: https://bondblox.com/bond-market/Brazil,-Federative-Republic-Of-(Government)-US105756CL22"
2026-06-25,2026-06-25T21:36:44.590196-04:00,Colombia,Colombia 8.500% 25-Apr-2035 USD,"https://bondblox.com/bond-market/Colombia,-Republic-Of-(Government)-US195325ES00",,4.4,,COP=X,https://finance.yahoo.com/quote/COP=X/,3431.919921875,-0.3646431004090456,-5.603934228165119,-8.924397593249655,BondBloX,US Treasury,Yahoo Finance via yfinance,PARTIAL_FAIL,"Bond: BondBloX HTTP error: 403 Client Error: Forbidden for url: https://bondblox.com/bond-market/Colombia,-Republic-Of-(Government)-US195325ES00"
2026-06-25,2026-06-25T21:36:45.668184-04:00,Chile,Chile 3.500% 31-Jan-2034 USD,"https://bondblox.com/bond-market/Chile,-Republic-Of-(Government)-US168863DV76",,4.4,,CLP=X,https://finance.yahoo.com/quote/CLP=X/,918.219970703125,3.5956446093563965,2.728701559239499,2.065265634271296,BondBloX,US Treasury,Yahoo Finance via yfinance,PARTIAL_FAIL,"Bond: BondBloX HTTP error: 403 Client Error: Forbidden for url: https://bondblox.com/bond-market/Chile,-Republic-Of-(Government)-US168863DV76"
2026-06-25,2026-06-25T21:36:46.628078-04:00,Peru,Peru 5.375% 8-Feb-2035 USD,"https://bondblox.com/bond-market/Peru,-Republic-Of-(Government)-US715638EB48",,4.4,,PEN=X,https://finance.yahoo.com/quote/PEN=X/,3.419600009918213,1.1117693901560033,2.4629966845429507,3.690828324832096,BondBloX,US Treasury,Yahoo Finance via yfinance,PARTIAL_FAIL,"Bond: BondBloX HTTP error: 403 Client Error: Forbidden for url: https://bondblox.com/bond-market/Peru,-Republic-Of-(Government)-US715638EB48"
2026-06-25,2026-06-25T21:36:47.520364-04:00,Argentina,Argentina 4.125% 9-Jul-2035 USD,"https://bondblox.com/bond-market/Argentina,-Republic-Of-(Government)-US040114HT09",,4.4,,ARS=X,https://finance.yahoo.com/quote/ARS=X/,1477.0,1.800740327166861,4.584837080177917,1.8772411132416345,BondBloX,US Treasury,Yahoo Finance via yfinance,PARTIAL_FAIL,"Bond: BondBloX HTTP error: 403 Client Error: Forbidden for url: https://bondblox.com/bond-market/Argentina,-Republic-Of-(Government)-US040114HT09"
2026-06-26,2026-06-26T21:28:32.089990-04:00,Brazil,Brazil 6.625% 15-Mar-2035 USD,"https://bondblox.com/bond-market/Brazil,-Federative-Republic-Of-(Government)-US105756CL22",6.2,4.38,182.0,BRL=X,https://finance.yahoo.com/quote/BRL=X/,5.170400142669678,-0.2142201188563675,1.9219840276606837,-6.28240063861778,BondBloX,US Treasury,Yahoo Finance via yfinance,OK,
2026-06-26,2026-06-26T21:28:33.072299-04:00,Colombia,Colombia 8.500% 25-Apr-2035 USD,"https://bondblox.com/bond-market/Colombia,-Republic-Of-(Government)-US195325ES00",6.38,4.38,200.0,COP=X,https://finance.yahoo.com/quote/COP=X/,3437.169921875,-0.23278889314231055,-5.864490019708168,-8.785074146455996,BondBloX,US Treasury,Yahoo Finance via yfinance,OK,
2026-06-26,2026-06-26T21:28:33.843812-04:00,Chile,Chile 3.500% 31-Jan-2034 USD,"https://bondblox.com/bond-market/Chile,-Republic-Of-(Government)-US168863DV76",4.89,4.38,51.0,CLP=X,https://finance.yahoo.com/quote/CLP=X/,921.8499755859375,2.4072944396089424,3.111746292341211,2.4687609016790235,BondBloX,US Treasury,Yahoo Finance via yfinance,OK,
2026-06-26,2026-06-26T21:28:34.690380-04:00,Peru,Peru 5.375% 8-Feb-2035 USD,"https://bondblox.com/bond-market/Peru,-Republic-Of-(Government)-US715638EB48",5.19,4.38,81.0,PEN=X,https://finance.yahoo.com/quote/PEN=X/,3.4058001041412354,0.7037295941328958,2.049503967332633,3.2723806535637667,BondBloX,US Treasury,Yahoo Finance via yfinance,OK,
2026-06-26,2026-06-26T21:28:35.564550-04:00,Argentina,Argentina 4.125% 9-Jul-2035 USD,"https://bondblox.com/bond-market/Argentina,-Republic-Of-(Government)-US040114HT09",8.02,4.38,364.0,ARS=X,https://finance.yahoo.com/quote/ARS=X/,1477.0,1.800740327166861,4.584837080177917,1.8772411132416345,BondBloX,US Treasury,Yahoo Finance via yfinance,OK,
2026-06-29,2026-06-29T21:30:18.725801-04:00,Brazil,Brazil 6.625% 15-Mar-2035 USD,"https://bondblox.com/bond-market/Brazil,-Federative-Republic-Of-(Government)-US105756CL22",,4.38,,BRL=X,https://finance.yahoo.com/quote/BRL=X/,5.1707000732421875,0.37465511596537215,2.3556417705829613,-6.276964159340526,BondBloX,US Treasury,Yahoo Finance via yfinance,PARTIAL_FAIL,"Bond: BondBloX HTTP error: 403 Client Error: Forbidden for url: https://bondblox.com/bond-market/Brazil,-Federative-Republic-Of-(Government)-US105756CL22"
2026-06-29,2026-06-29T21:30:19.962469-04:00,Colombia,Colombia 8.500% 25-Apr-2035 USD,"https://bondblox.com/bond-market/Colombia,-Republic-Of-(Government)-US195325ES00",,4.38,,COP=X,https://finance.yahoo.com/quote/COP=X/,3442.6298828125,-0.01946289914098731,-6.432477995128605,-8.640178798423381,BondBloX,US Treasury,Yahoo Finance via yfinance,PARTIAL_FAIL,"Bond: BondBloX HTTP error: 403 Client Error: Forbidden for url: https://bondblox.com/bond-market/Colombia,-Republic-Of-(Government)-US195325ES00"
2026-06-29,2026-06-29T21:30:20.779825-04:00,Chile,Chile 3.500% 31-Jan-2034 USD,"https://bondblox.com/bond-market/Chile,-Republic-Of-(Government)-US168863DV76",,4.38,,CLP=X,https://finance.yahoo.com/quote/CLP=X/,921.989990234375,2.305785305875041,3.481601013642477,2.4843243099487378,BondBloX,US Treasury,Yahoo Finance via yfinance,PARTIAL_FAIL,"Bond: BondBloX HTTP error: 403 Client Error: Forbidden for url: https://bondblox.com/bond-market/Chile,-Republic-Of-(Government)-US168863DV76"
2026-06-29,2026-06-29T21:30:21.585445-04:00,Peru,Peru 5.375% 8-Feb-2035 USD,"https://bondblox.com/bond-market/Peru,-Republic-Of-(Government)-US715638EB48",,4.38,,PEN=X,https://finance.yahoo.com/quote/PEN=X/,3.3428409099578857,0.9469111308208378,-1.9119449107567354,1.3633003586167591,BondBloX,US Treasury,Yahoo Finance via yfinance,PARTIAL_FAIL,"Bond: BondBloX HTTP error: 403 Client Error: Forbidden for url: https://bondblox.com/bond-market/Peru,-Republic-Of-(Government)-US715638EB48"
2026-06-29,2026-06-29T21:30:22.500781-04:00,Argentina,Argentina 4.125% 9-Jul-2035 USD,"https://bondblox.com/bond-market/Argentina,-Republic-Of-(Government)-US040114HT09",,4.38,,ARS=X,https://finance.yahoo.com/quote/ARS=X/,1479.1910400390625,1.916701627063011,4.945161917797347,2.02836982979433,BondBloX,US Treasury,Yahoo Finance via yfinance,PARTIAL_FAIL,"Bond: BondBloX HTTP error: 403 Client Error: Forbidden for url: https://bondblox.com/bond-market/Argentina,-Republic-Of-(Government)-US040114HT09"
2026-06-30,2026-06-30T21:39:43.557847-04:00,Brazil,Brazil 6.625% 15-Mar-2035 USD,"https://bondblox.com/bond-market/Brazil,-Federative-Republic-Of-(Government)-US105756CL22",,4.44,,BRL=X,https://finance.yahoo.com/quote/BRL=X/,5.169000148773193,-0.5521648949984859,2.5880240869674775,-6.307776637279138,BondBloX,US Treasury,Yahoo Finance via yfinance,PARTIAL_FAIL,"Bond: BondBloX HTTP error: 403 Client Error: Forbidden for url: https://bondblox.com/bond-market/Brazil,-Federative-Republic-Of-(Government)-US105756CL22"
2026-06-30,2026-06-30T21:39:44.611319-04:00,Colombia,Colombia 8.500% 25-Apr-2035 USD,"https://bondblox.com/bond-market/Colombia,-Republic-Of-(Government)-US195325ES00",,4.44,,COP=X,https://finance.yahoo.com/quote/COP=X/,3392.469970703125,-1.063593160753007,-4.85343085665455,-9.97131248336528,BondBloX,US Treasury,Yahoo Finance via yfinance,PARTIAL_FAIL,"Bond: BondBloX HTTP error: 403 Client Error: Forbidden for url: https://bondblox.com/bond-market/Colombia,-Republic-Of-(Government)-US195325ES00"
2026-06-30,2026-06-30T21:39:45.475917-04:00,Chile,Chile 3.500% 31-Jan-2034 USD,"https://bondblox.com/bond-market/Chile,-Republic-Of-(Government)-US168863DV76",,4.44,,CLP=X,https://finance.yahoo.com/quote/CLP=X/,921.760009765625,1.745129129153411,3.6151118550228345,2.45876069950397,BondBloX,US Treasury,Yahoo Finance via yfinance,PARTIAL_FAIL,"Bond: BondBloX HTTP error: 403 Client Error: Forbidden for url: https://bondblox.com/bond-market/Chile,-Republic-Of-(Government)-US168863DV76"
2026-06-30,2026-06-30T21:39:46.328210-04:00,Peru,Peru 5.375% 8-Feb-2035 USD,"https://bondblox.com/bond-market/Peru,-Republic-Of-(Government)-US715638EB48",,4.44,,PEN=X,https://finance.yahoo.com/quote/PEN=X/,3.4058001041412354,2.5425820271112176,2.2336960605746192,3.2723806535637667,BondBloX,US Treasury,Yahoo Finance via yfinance,PARTIAL_FAIL,"Bond: BondBloX HTTP error: 403 Client Error: Forbidden for url: https://bondblox.com/bond-market/Peru,-Republic-Of-(Government)-US715638EB48"
2026-06-30,2026-06-30T21:39:47.282720-04:00,Argentina,Argentina 4.125% 9-Jul-2035 USD,"https://bondblox.com/bond-market/Argentina,-Republic-Of-(Government)-US040114HT09",,4.44,,ARS=X,https://finance.yahoo.com/quote/ARS=X/,1483.5,0.8510676435958819,3.9418745376092135,2.325583745087312,BondBloX,US Treasury,Yahoo Finance via yfinance,PARTIAL_FAIL,"Bond: BondBloX HTTP error: 403 Client Error: Forbidden for url: https://bondblox.com/bond-market/Argentina,-Republic-Of-(Government)-US040114HT09"
2026-07-01,2026-07-01T21:32:14.249877-04:00,Brazil,Brazil 6.625% 15-Mar-2035 USD,"https://bondblox.com/bond-market/Brazil,-Federative-Republic-Of-(Government)-US105756CL22",6.2,4.48,172.0,BRL=X,https://finance.yahoo.com/quote/BRL=X/,5.174699783325195,-0.4425080366560086,2.701143496887859,-6.204466244908813,BondBloX,US Treasury,Yahoo Finance via yfinance,OK,
2026-07-01,2026-07-01T21:32:15.156389-04:00,Colombia,Colombia 8.500% 25-Apr-2035 USD,"https://bondblox.com/bond-market/Colombia,-Republic-Of-(Government)-US195325ES00",6.47,4.48,199.0,COP=X,https://finance.yahoo.com/quote/COP=X/,3429.4599609375,0.015165606284628375,-3.8159948015559775,-8.989679543114459,BondBloX,US Treasury,Yahoo Finance via yfinance,OK,
2026-07-01,2026-07-01T21:32:15.938283-04:00,Chile,Chile 3.500% 31-Jan-2034 USD,"https://bondblox.com/bond-market/Chile,-Republic-Of-(Government)-US168863DV76",4.97,4.48,49.0,CLP=X,https://finance.yahoo.com/quote/CLP=X/,923.989990234375,0.6283918576538428,3.8424368296756217,2.7066354530098424,BondBloX,US Treasury,Yahoo Finance via yfinance,OK,
2026-07-01,2026-07-01T21:32:16.742945-04:00,Peru,Peru 5.375% 8-Feb-2035 USD,"https://bondblox.com/bond-market/Peru,-Republic-Of-(Government)-US715638EB48",5.24,4.48,76.0,PEN=X,https://finance.yahoo.com/quote/PEN=X/,3.3422939777374268,0.6305255420379074,0.3273992063179687,1.3467160052384575,BondBloX,US Treasury,Yahoo Finance via yfinance,OK,
2026-07-01,2026-07-01T21:32:17.615169-04:00,Argentina,Argentina 4.125% 9-Jul-2035 USD,"https://bondblox.com/bond-market/Argentina,-Republic-Of-(Government)-US040114HT09",7.97,4.48,349.0,ARS=X,https://finance.yahoo.com/quote/ARS=X/,1484.00927734375,0.8856892572419062,3.977557208164595,2.360711551954431,BondBloX,US Treasury,Yahoo Finance via yfinance,OK,
2026-07-02,2026-07-02T21:09:40.263946-04:00,Brazil,Brazil 6.625% 15-Mar-2035 USD,"https://bondblox.com/bond-market/Brazil,-Federative-Republic-Of-(Government)-US105756CL22",,4.49,,BRL=X,https://finance.yahoo.com/quote/BRL=X/,5.220600128173828,0.2515630781621869,3.9815195327343345,-5.372486125309727,BondBloX,US Treasury,Yahoo Finance via yfinance,PARTIAL_FAIL,"Bond: BondBloX HTTP error: 403 Client Error: Forbidden for url: https://bondblox.com/bond-market/Brazil,-Federative-Republic-Of-(Government)-US105756CL22"
2026-07-02,2026-07-02T21:09:41.315055-04:00,Colombia,Colombia 8.500% 25-Apr-2035 USD,"https://bondblox.com/bond-market/Colombia,-Republic-Of-(Government)-US195325ES00",,4.49,,COP=X,https://finance.yahoo.com/quote/COP=X/,3358.580078125,-2.530913373968291,-6.055545376589611,-10.870675653927398,BondBloX,US Treasury,Yahoo Finance via yfinance,PARTIAL_FAIL,"Bond: BondBloX HTTP error: 403 Client Error: Forbidden for url: https://bondblox.com/bond-market/Colombia,-Republic-Of-(Government)-US195325ES00"
2026-07-02,2026-07-02T21:09:42.229249-04:00,Chile,Chile 3.500% 31-Jan-2034 USD,"https://bondblox.com/bond-market/Chile,-Republic-Of-(Government)-US168863DV76",,4.49,,CLP=X,https://finance.yahoo.com/quote/CLP=X/,925.0599975585938,0.7449224666972842,3.962689396420749,2.825572728675252,BondBloX,US Treasury,Yahoo Finance via yfinance,PARTIAL_FAIL,"Bond: BondBloX HTTP error: 403 Client Error: Forbidden for url: https://bondblox.com/bond-market/Chile,-Republic-Of-(Government)-US168863DV76"
2026-07-02,2026-07-02T21:09:43.012454-04:00,Peru,Peru 5.375% 8-Feb-2035 USD,"https://bondblox.com/bond-market/Peru,-Republic-Of-(Government)-US715638EB48",,4.49,,PEN=X,https://finance.yahoo.com/quote/PEN=X/,3.400899887084961,-0.5584850521314078,-0.047025044076787204,3.1237938118095165,BondBloX,US Treasury,Yahoo Finance via yfinance,PARTIAL_FAIL,"Bond: BondBloX HTTP error: 403 Client Error: Forbidden for url: https://bondblox.com/bond-market/Peru,-Republic-Of-(Government)-US715638EB48"
2026-07-02,2026-07-02T21:09:43.877215-04:00,Argentina,Argentina 4.125% 9-Jul-2035 USD,"https://bondblox.com/bond-market/Argentina,-Republic-Of-(Government)-US040114HT09",,4.49,,ARS=X,https://finance.yahoo.com/quote/ARS=X/,1489.5450439453125,0.6969193757235592,4.4029172079384615,2.742545423866405,BondBloX,US Treasury,Yahoo Finance via yfinance,PARTIAL_FAIL,"Bond: BondBloX HTTP error: 403 Client Error: Forbidden for url: https://bondblox.com/bond-market/Argentina,-Republic-Of-(Government)-US040114HT09"
2026-07-03,2026-07-03T21:08:04.812445-04:00,Brazil,Brazil 6.625% 15-Mar-2035 USD,"https://bondblox.com/bond-market/Brazil,-Federative-Republic-Of-(Government)-US105756CL22",,4.49,,BRL=X,https://finance.yahoo.com/quote/BRL=X/,5.167200088500977,-0.5178917446239995,1.7686193191636335,-6.340404155993939,BondBloX,US Treasury,Yahoo Finance via yfinance,PARTIAL_FAIL,"Bond: BondBloX HTTP error: 403 Client Error: Forbidden for url: https://bondblox.com/bond-market/Brazil,-Federative-Republic-Of-(Government)-US105756CL22"
2026-07-03,2026-07-03T21:08:05.615455-04:00,Colombia,Colombia 8.500% 25-Apr-2035 USD,"https://bondblox.com/bond-market/Colombia,-Republic-Of-(Government)-US195325ES00",,4.49,,COP=X,https://finance.yahoo.com/quote/COP=X/,3332.469970703125,-3.2886527349242134,-6.785883717450636,-11.563580446721355,BondBloX,US Treasury,Yahoo Finance via yfinance,PARTIAL_FAIL,"Bond: BondBloX HTTP error: 403 Client Error: Forbidden for url: https://bondblox.com/bond-market/Colombia,-Republic-Of-(Government)-US195325ES00"
2026-07-03,2026-07-03T21:08:06.272013-04:00,Chile,Chile 3.500% 31-Jan-2034 USD,"https://bondblox.com/bond-market/Chile,-Republic-Of-(Government)-US168863DV76",,4.49,,CLP=X,https://finance.yahoo.com/quote/CLP=X/,919.75,-0.008699117049570937,2.7699536759979715,2.235336915223929,BondBloX,US Treasury,Yahoo Finance via yfinance,PARTIAL_FAIL,"Bond: BondBloX HTTP error: 403 Client Error: Forbidden for url: https://bondblox.com/bond-market/Chile,-Republic-Of-(Government)-US168863DV76"
2026-07-03,2026-07-03T21:08:06.881211-04:00,Peru,Peru 5.375% 8-Feb-2035 USD,"https://bondblox.com/bond-market/Peru,-Republic-Of-(Government)-US715638EB48",,4.49,,PEN=X,https://finance.yahoo.com/quote/PEN=X/,3.4000000953674316,-0.5847947508874518,-0.07347006215840945,3.0965098756065013,BondBloX,US Treasury,Yahoo Finance via yfinance,PARTIAL_FAIL,"Bond: BondBloX HTTP error: 403 Client Error: Forbidden for url: https://bondblox.com/bond-market/Peru,-Republic-Of-(Government)-US715638EB48"
2026-07-03,2026-07-03T21:08:07.557817-04:00,Argentina,Argentina 4.125% 9-Jul-2035 USD,"https://bondblox.com/bond-market/Argentina,-Republic-Of-(Government)-US040114HT09",,4.49,,ARS=X,https://finance.yahoo.com/quote/ARS=X/,1488.0,0.7275287103340355,3.405545966904988,2.6359747979035397,BondBloX,US Treasury,Yahoo Finance via yfinance,PARTIAL_FAIL,"Bond: BondBloX HTTP error: 403 Client Error: Forbidden for url: https://bondblox.com/bond-market/Argentina,-Republic-Of-(Government)-US040114HT09"
2026-07-06,2026-07-06T21:16:05.699671-04:00,Brazil,Brazil 6.625% 15-Mar-2035 USD,"https://bondblox.com/bond-market/Brazil,-Federative-Republic-Of-(Government)-US105756CL22",,4.48,,BRL=X,https://finance.yahoo.com/quote/BRL=X/,5.125500202178955,-1.0862432530796218,-0.994781594399019,-7.096247636557617,BondBloX,US Treasury,Yahoo Finance via yfinance,PARTIAL_FAIL,"Bond: BondBloX HTTP error: 403 Client Error: Forbidden for url: https://bondblox.com/bond-market/Brazil,-Federative-Republic-Of-(Government)-US105756CL22"
2026-07-06,2026-07-06T21:16:07.224937-04:00,Colombia,Colombia 8.500% 25-Apr-2035 USD,"https://bondblox.com/bond-market/Colombia,-Republic-Of-(Government)-US195325ES00",,4.48,,COP=X,https://finance.yahoo.com/quote/COP=X/,3348.93994140625,-2.7389837680606988,-7.083841556036285,-11.126503668254706,BondBloX,US Treasury,Yahoo Finance via yfinance,PARTIAL_FAIL,"Bond: BondBloX HTTP error: 403 Client Error: Forbidden for url: https://bondblox.com/bond-market/Colombia,-Republic-Of-(Government)-US195325ES00"
2026-07-06,2026-07-06T21:16:08.189799-04:00,Chile,Chile 3.500% 31-Jan-2034 USD,"https://bondblox.com/bond-market/Chile,-Republic-Of-(Government)-US168863DV76",,4.48,,CLP=X,https://finance.yahoo.com/quote/CLP=X/,920.8400268554688,-0.12472623250648907,2.8147808620988313,2.3564994733272115,BondBloX,US Treasury,Yahoo Finance via yfinance,PARTIAL_FAIL,"Bond: BondBloX HTTP error: 403 Client Error: Forbidden for url: https://bondblox.com/bond-market/Chile,-Republic-Of-(Government)-US168863DV76"
2026-07-06,2026-07-06T21:16:09.072284-04:00,Peru,Peru 5.375% 8-Feb-2035 USD,"https://bondblox.com/bond-market/Peru,-Republic-Of-(Government)-US715638EB48",,4.48,,PEN=X,https://finance.yahoo.com/quote/PEN=X/,3.3970999717712402,-0.37830245556447206,-2.100866174003646,3.0085708719039372,BondBloX,US Treasury,Yahoo Finance via yfinance,PARTIAL_FAIL,"Bond: BondBloX HTTP error: 403 Client Error: Forbidden for url: https://bondblox.com/bond-market/Peru,-Republic-Of-(Government)-US715638EB48"
2026-07-06,2026-07-06T21:16:10.074813-04:00,Argentina,Argentina 4.125% 9-Jul-2035 USD,"https://bondblox.com/bond-market/Argentina,-Republic-Of-(Government)-US040114HT09",,4.48,,ARS=X,https://finance.yahoo.com/quote/ARS=X/,1485.0,0.25634548828232795,2.3786969580067208,2.4290474293593878,BondBloX,US Treasury,Yahoo Finance via yfinance,PARTIAL_FAIL,"Bond: BondBloX HTTP error: 403 Client Error: Forbidden for url: https://bondblox.com/bond-market/Argentina,-Republic-Of-(Government)-US040114HT09"
2026-07-07,2026-07-07T20:58:54.981727-04:00,Brazil,Brazil 6.625% 15-Mar-2035 USD,"https://bondblox.com/bond-market/Brazil,-Federative-Republic-Of-(Government)-US105756CL22",,4.55,,BRL=X,https://finance.yahoo.com/quote/BRL=X/,5.159800052642822,-0.2879342050022937,-0.8321990760003173,-6.474535669354198,BondBloX,US Treasury,Yahoo Finance via yfinance,PARTIAL_FAIL,"Bond: BondBloX HTTP error: 403 Client Error: Forbidden for url: https://bondblox.com/bond-market/Brazil,-Federative-Republic-Of-(Government)-US105756CL22"
2026-07-07,2026-07-07T20:58:56.252934-04:00,Colombia,Colombia 8.500% 25-Apr-2035 USD,"https://bondblox.com/bond-market/Colombia,-Republic-Of-(Government)-US195325ES00",,4.55,,COP=X,https://finance.yahoo.com/quote/COP=X/,3323.530029296875,-3.0888225215397247,-7.501663867790198,-11.800826818312228,BondBloX,US Treasury,Yahoo Finance via yfinance,PARTIAL_FAIL,"Bond: BondBloX HTTP error: 403 Client Error: Forbidden for url: https://bondblox.com/bond-market/Colombia,-Republic-Of-(Government)-US195325ES00"
2026-07-07,2026-07-07T20:58:57.190382-04:00,Chile,Chile 3.500% 31-Jan-2034 USD,"https://bondblox.com/bond-market/Chile,-Republic-Of-(Government)-US168863DV76",,4.55,,CLP=X,https://finance.yahoo.com/quote/CLP=X/,928.5700073242188,0.7595733307689256,0.6121900618347054,3.215729870251116,BondBloX,US Treasury,Yahoo Finance via yfinance,PARTIAL_FAIL,"Bond: BondBloX HTTP error: 403 Client Error: Forbidden for url: https://bondblox.com/bond-market/Chile,-Republic-Of-(Government)-US168863DV76"
2026-07-07,2026-07-07T20:58:58.067203-04:00,Peru,Peru 5.375% 8-Feb-2035 USD,"https://bondblox.com/bond-market/Peru,-Republic-Of-(Government)-US715638EB48",,4.55,,PEN=X,https://finance.yahoo.com/quote/PEN=X/,3.396699905395508,1.6278019833225743,-2.1123954642755183,2.996439858404032,BondBloX,US Treasury,Yahoo Finance via yfinance,PARTIAL_FAIL,"Bond: BondBloX HTTP error: 403 Client Error: Forbidden for url: https://bondblox.com/bond-market/Peru,-Republic-Of-(Government)-US715638EB48"
2026-07-07,2026-07-07T20:58:58.806348-04:00,Argentina,Argentina 4.125% 9-Jul-2035 USD,"https://bondblox.com/bond-market/Argentina,-Republic-Of-(Government)-US040114HT09",,4.55,,ARS=X,https://finance.yahoo.com/quote/ARS=X/,1491.5,0.5047625220819141,3.111714523672071,2.877390061205065,BondBloX,US Treasury,Yahoo Finance via yfinance,PARTIAL_FAIL,"Bond: BondBloX HTTP error: 403 Client Error: Forbidden for url: https://bondblox.com/bond-market/Argentina,-Republic-Of-(Government)-US040114HT09"
2026-07-08,2026-07-08T21:09:22.885325-04:00,Brazil,Brazil 6.625% 15-Mar-2035 USD,"https://bondblox.com/bond-market/Brazil,-Federative-Republic-Of-(Government)-US105756CL22",,4.56,,BRL=X,https://finance.yahoo.com/quote/BRL=X/,5.150700092315674,-1.3389272141516306,-0.7591395010248081,-6.639479660653058,BondBloX,US Treasury,Yahoo Finance via yfinance,PARTIAL_FAIL,"Bond: BondBloX HTTP error: 403 Client Error: Forbidden for url: https://bondblox.com/bond-market/Brazil,-Federative-Republic-Of-(Government)-US105756CL22"
2026-07-08,2026-07-08T21:09:24.254277-04:00,Colombia,Colombia 8.500% 25-Apr-2035 USD,"https://bondblox.com/bond-market/Colombia,-Republic-Of-(Government)-US195325ES00",,4.56,,COP=X,https://finance.yahoo.com/quote/COP=X/,3335.969970703125,-1.5136222906869556,-6.684587003414744,-11.470698148858915,BondBloX,US Treasury,Yahoo Finance via yfinance,PARTIAL_FAIL,"Bond: BondBloX HTTP error: 403 Client Error: Forbidden for url: https://bondblox.com/bond-market/Colombia,-Republic-Of-(Government)-US195325ES00"
2026-07-08,2026-07-08T21:09:25.033181-04:00,Chile,Chile 3.500% 31-Jan-2034 USD,"https://bondblox.com/bond-market/Chile,-Republic-Of-(Government)-US168863DV76",,4.56,,CLP=X,https://finance.yahoo.com/quote/CLP=X/,935.4299926757812,1.1210078421460157,2.07326256799214,3.978255462695235,BondBloX,US Treasury,Yahoo Finance via yfinance,PARTIAL_FAIL,"Bond: BondBloX HTTP error: 403 Client Error: Forbidden for url: https://bondblox.com/bond-market/Chile,-Republic-Of-(Government)-US168863DV76"
2026-07-08,2026-07-08T21:09:25.744816-04:00,Peru,Peru 5.375% 8-Feb-2035 USD,"https://bondblox.com/bond-market/Peru,-Republic-Of-(Government)-US715638EB48",,4.56,,PEN=X,https://finance.yahoo.com/quote/PEN=X/,3.3986001014709473,-0.5093614890608777,0.2832742012098155,3.054058557804673,BondBloX,US Treasury,Yahoo Finance via yfinance,PARTIAL_FAIL,"Bond: BondBloX HTTP error: 403 Client Error: Forbidden for url: https://bondblox.com/bond-market/Peru,-Republic-Of-(Government)-US715638EB48"
2026-07-08,2026-07-08T21:09:26.440378-04:00,Argentina,Argentina 4.125% 9-Jul-2035 USD,"https://bondblox.com/bond-market/Argentina,-Republic-Of-(Government)-US040114HT09",,4.56,,ARS=X,https://finance.yahoo.com/quote/ARS=X/,1487.0,-0.17086048895651462,3.1220974036418436,2.566999008388837,BondBloX,US Treasury,Yahoo Finance via yfinance,PARTIAL_FAIL,"Bond: BondBloX HTTP error: 403 Client Error: Forbidden for url: https://bondblox.com/bond-market/Argentina,-Republic-Of-(Government)-US040114HT09"
2026-07-09,2026-07-09T21:08:23.740880-04:00,Brazil,Brazil 6.625% 15-Mar-2035 USD,"https://bondblox.com/bond-market/Brazil,-Federative-Republic-Of-(Government)-US105756CL22",,4.54,,BRL=X,https://finance.yahoo.com/quote/BRL=X/,5.16349983215332,-1.0937496574839445,-0.5125211437366217,-6.407474234199729,BondBloX,US Treasury,Yahoo Finance via yfinance,PARTIAL_FAIL,"Bond: BondBloX HTTP error: 403 Client Error: Forbidden for url: https://bondblox.com/bond-market/Brazil,-Federative-Republic-Of-(Government)-US105756CL22"
2026-07-09,2026-07-09T21:08:24.618164-04:00,Colombia,Colombia 8.500% 25-Apr-2035 USD,"https://bondblox.com/bond-market/Colombia,-Republic-Of-(Government)-US195325ES00",,4.54,,COP=X,https://finance.yahoo.com/quote/COP=X/,3282.469970703125,-2.507646027191124,-7.7613253613122435,-12.89047041618474,BondBloX,US Treasury,Yahoo Finance via yfinance,PARTIAL_FAIL,"Bond: BondBloX HTTP error: 403 Client Error: Forbidden for url: https://bondblox.com/bond-market/Colombia,-Republic-Of-(Government)-US195325ES00"
2026-07-09,2026-07-09T21:08:25.257928-04:00,Chile,Chile 3.500% 31-Jan-2034 USD,"https://bondblox.com/bond-market/Chile,-Republic-Of-(Government)-US168863DV76",,4.54,,CLP=X,https://finance.yahoo.com/quote/CLP=X/,934.6599731445312,1.037767886545038,1.9892387432151049,3.8926635016094613,BondBloX,US Treasury,Yahoo Finance via yfinance,PARTIAL_FAIL,"Bond: BondBloX HTTP error: 403 Client Error: Forbidden for url: https://bondblox.com/bond-market/Chile,-Republic-Of-(Government)-US168863DV76"
2026-07-09,2026-07-09T21:08:25.914343-04:00,Peru,Peru 5.375% 8-Feb-2035 USD,"https://bondblox.com/bond-market/Peru,-Republic-Of-(Government)-US715638EB48",,4.54,,PEN=X,https://finance.yahoo.com/quote/PEN=X/,3.3965001106262207,-0.10294072479526406,1.9316489060844155,2.990381581101942,BondBloX,US Treasury,Yahoo Finance via yfinance,PARTIAL_FAIL,"Bond: BondBloX HTTP error: 403 Client Error: Forbidden for url: https://bondblox.com/bond-market/Peru,-Republic-Of-(Government)-US715638EB48"
2026-07-09,2026-07-09T21:08:26.566071-04:00,Argentina,Argentina 4.125% 9-Jul-2035 USD,"https://bondblox.com/bond-market/Argentina,-Republic-Of-(Government)-US040114HT09",,4.54,,ARS=X,https://finance.yahoo.com/quote/ARS=X/,1487.0,-0.13367154707866202,3.750173853772387,2.566999008388837,BondBloX,US Treasury,Yahoo Finance via yfinance,PARTIAL_FAIL,"Bond: BondBloX HTTP error: 403 Client Error: Forbidden for url: https://bondblox.com/bond-market/Argentina,-Republic-Of-(Government)-US040114HT09"
2026-07-10,2026-07-10T20:56:39.517106-04:00,Brazil,Brazil 6.625% 15-Mar-2035 USD,"https://bondblox.com/bond-market/Brazil,-Federative-Republic-Of-(Government)-US105756CL22",,4.56,,BRL=X,https://finance.yahoo.com/quote/BRL=X/,5.107500076293945,-2.1963893066558215,-1.6293979505030198,-7.422514180654294,BondBloX,US Treasury,Yahoo Finance via yfinance,PARTIAL_FAIL,"Bond: BondBloX HTTP error: 403 Client Error: Forbidden for url: https://bondblox.com/bond-market/Brazil,-Federative-Republic-Of-(Government)-US105756CL22"
2026-07-10,2026-07-10T20:56:40.761644-04:00,Colombia,Colombia 8.500% 25-Apr-2035 USD,"https://bondblox.com/bond-market/Colombia,-Republic-Of-(Government)-US195325ES00",,4.56,,COP=X,https://finance.yahoo.com/quote/COP=X/,3239.679931640625,-3.1462633693001063,-7.441151039874915,-14.026023888684303,BondBloX,US Treasury,Yahoo Finance via yfinance,PARTIAL_FAIL,"Bond: BondBloX HTTP error: 403 Client Error: Forbidden for url: https://bondblox.com/bond-market/Colombia,-Republic-Of-(Government)-US195325ES00"
2026-07-10,2026-07-10T20:56:41.599884-04:00,Chile,Chile 3.500% 31-Jan-2034 USD,"https://bondblox.com/bond-market/Chile,-Republic-Of-(Government)-US168863DV76",,4.56,,CLP=X,https://finance.yahoo.com/quote/CLP=X/,923.9000244140625,-0.09083264800732183,0.9528215004772855,2.696635250834789,BondBloX,US Treasury,Yahoo Finance via yfinance,PARTIAL_FAIL,"Bond: BondBloX HTTP error: 403 Client Error: Forbidden for url: https://bondblox.com/bond-market/Chile,-Republic-Of-(Government)-US168863DV76"
2026-07-10,2026-07-10T20:56:42.441401-04:00,Peru,Peru 5.375% 8-Feb-2035 USD,"https://bondblox.com/bond-market/Peru,-Republic-Of-(Government)-US715638EB48",,4.56,,PEN=X,https://finance.yahoo.com/quote/PEN=X/,3.3903000354766846,-0.28529587113728105,1.7455797576228393,2.802379789644749,BondBloX,US Treasury,Yahoo Finance via yfinance,PARTIAL_FAIL,"Bond: BondBloX HTTP error: 403 Client Error: Forbidden for url: https://bondblox.com/bond-market/Peru,-Republic-Of-(Government)-US715638EB48"
2026-07-10,2026-07-10T20:56:43.360302-04:00,Argentina,Argentina 4.125% 9-Jul-2035 USD,"https://bondblox.com/bond-market/Argentina,-Republic-Of-(Government)-US040114HT09",,4.56,,ARS=X,https://finance.yahoo.com/quote/ARS=X/,1487.0,-0.13367154707866202,3.750173853772387,2.566999008388837,BondBloX,US Treasury,Yahoo Finance via yfinance,PARTIAL_FAIL,"Bond: BondBloX HTTP error: 403 Client Error: Forbidden for url: https://bondblox.com/bond-market/Argentina,-Republic-Of-(Government)-US040114HT09"
2026-07-13,2026-07-13T20:52:23.946587-04:00,Brazil,Brazil 6.625% 15-Mar-2035 USD,"https://bondblox.com/bond-market/Brazil,-Federative-Republic-Of-(Government)-US105756CL22",,4.62,,BRL=X,https://finance.yahoo.com/quote/BRL=X/,5.107800006866455,-1.4775108703400153,-0.1173303982240137,-7.417077701377051,BondBloX,US Treasury,Yahoo Finance via yfinance,PARTIAL_FAIL,"Bond: BondBloX HTTP error: 403 Client Error: Forbidden for url: https://bondblox.com/bond-market/Brazil,-Federative-Republic-Of-(Government)-US105756CL22"
2026-07-13,2026-07-13T20:52:24.824527-04:00,Colombia,Colombia 8.500% 25-Apr-2035 USD,"https://bondblox.com/bond-market/Colombia,-Republic-Of-(Government)-US195325ES00",,4.62,,COP=X,https://finance.yahoo.com/quote/COP=X/,3235.969970703125,-3.4969271552687586,-7.299516338904766,-14.124478087785697,BondBloX,US Treasury,Yahoo Finance via yfinance,PARTIAL_FAIL,"Bond: BondBloX HTTP error: 403 Client Error: Forbidden for url: https://bondblox.com/bond-market/Colombia,-Republic-Of-(Government)-US195325ES00"
2026-07-13,2026-07-13T20:52:25.464777-04:00,Chile,Chile 3.500% 31-Jan-2034 USD,"https://bondblox.com/bond-market/Chile,-Republic-Of-(Government)-US168863DV76",,4.62,,CLP=X,https://finance.yahoo.com/quote/CLP=X/,926.8699951171875,0.6548334222948871,2.301270958308921,3.0267640417696473,BondBloX,US Treasury,Yahoo Finance via yfinance,PARTIAL_FAIL,"Bond: BondBloX HTTP error: 403 Client Error: Forbidden for url: https://bondblox.com/bond-market/Chile,-Republic-Of-(Government)-US168863DV76"
2026-07-13,2026-07-13T20:52:26.170989-04:00,Peru,Peru 5.375% 8-Feb-2035 USD,"https://bondblox.com/bond-market/Peru,-Republic-Of-(Government)-US715638EB48",,4.62,,PEN=X,https://finance.yahoo.com/quote/PEN=X/,3.409600019454956,2.447796815950709,2.349019994592294,3.387603593469346,BondBloX,US Treasury,Yahoo Finance via yfinance,PARTIAL_FAIL,"Bond: BondBloX HTTP error: 403 Client Error: Forbidden for url: https://bondblox.com/bond-market/Peru,-Republic-Of-(Government)-US715638EB48"
2026-07-13,2026-07-13T20:52:26.809563-04:00,Argentina,Argentina 4.125% 9-Jul-2035 USD,"https://bondblox.com/bond-market/Argentina,-Republic-Of-(Government)-US040114HT09",,4.62,,ARS=X,https://finance.yahoo.com/quote/ARS=X/,1491.7099609375,-0.1336336385419301,4.132789313019125,2.8918722826363874,BondBloX,US Treasury,Yahoo Finance via yfinance,PARTIAL_FAIL,"Bond: BondBloX HTTP error: 403 Client Error: Forbidden for url: https://bondblox.com/bond-market/Argentina,-Republic-Of-(Government)-US040114HT09"
2026-07-14,2026-07-14T20:12:58.909295-04:00,Brazil,Brazil 6.625% 15-Mar-2035 USD,"https://bondblox.com/bond-market/Brazil,-Federative-Republic-Of-(Government)-US105756CL22",6.34,4.58,176.0,BRL=X,https://finance.yahoo.com/quote/BRL=X/,5.147900104522705,0.08360132015550192,1.7190596446386097,-6.690231657975787,BondBloX,US Treasury,Yahoo Finance via yfinance,OK,
2026-07-14,2026-07-14T20:12:59.901170-04:00,Colombia,Colombia 8.500% 25-Apr-2035 USD,"https://bondblox.com/bond-market/Colombia,-Republic-Of-(Government)-US195325ES00",6.47,4.58,189.0,COP=X,https://finance.yahoo.com/quote/COP=X/,3257.469970703125,-2.416905591446894,-6.654726300774505,-13.553915400916438,BondBloX,US Treasury,Yahoo Finance via yfinance,OK,
2026-07-14,2026-07-14T20:13:01.031324-04:00,Chile,Chile 3.500% 31-Jan-2034 USD,"https://bondblox.com/bond-market/Chile,-Republic-Of-(Government)-US168863DV76",5.07,4.58,49.0,CLP=X,https://finance.yahoo.com/quote/CLP=X/,930.5,0.3147957972744253,3.4912319026424443,3.4302593091773526,BondBloX,US Treasury,Yahoo Finance via yfinance,OK,
2026-07-14,2026-07-14T20:13:01.896517-04:00,Peru,Peru 5.375% 8-Feb-2035 USD,"https://bondblox.com/bond-market/Peru,-Republic-Of-(Government)-US715638EB48",5.33,4.58,75.0,PEN=X,https://finance.yahoo.com/quote/PEN=X/,3.390199899673462,-0.17078942668333763,1.7366782961790284,2.7993434215458413,BondBloX,US Treasury,Yahoo Finance via yfinance,OK,
2026-07-14,2026-07-14T20:13:03.024509-04:00,Argentina,Argentina 4.125% 9-Jul-2035 USD,"https://bondblox.com/bond-market/Argentina,-Republic-Of-(Government)-US040114HT09",7.86,4.58,328.0,ARS=X,https://finance.yahoo.com/quote/ARS=X/,1482.99267578125,-0.18587169701442807,4.079504503578324,2.2905906565590772,BondBloX,US Treasury,Yahoo Finance via yfinance,OK,
2026-07-15,2026-07-15T20:55:31.174311-04:00,Brazil,Brazil 6.625% 15-Mar-2035 USD,"https://bondblox.com/bond-market/Brazil,-Federative-Republic-Of-(Government)-US105756CL22",,4.55,,BRL=X,https://finance.yahoo.com/quote/BRL=X/,5.087900161743164,-1.6051307970933348,0.25221605117833334,-7.777778161913396,BondBloX,US Treasury,Yahoo Finance via yfinance,PARTIAL_FAIL,"Bond: BondBloX HTTP error: 403 Client Error: Forbidden for url: https://bondblox.com/bond-market/Brazil,-Federative-Republic-Of-(Government)-US105756CL22"
2026-07-15,2026-07-15T20:55:32.348286-04:00,Colombia,Colombia 8.500% 25-Apr-2035 USD,"https://bondblox.com/bond-market/Colombia,-Republic-Of-(Government)-US195325ES00",,4.55,,COP=X,https://finance.yahoo.com/quote/COP=X/,3260.070068359375,-2.339015211077078,-6.5802185295440125,-13.484914530922365,BondBloX,US Treasury,Yahoo Finance via yfinance,PARTIAL_FAIL,"Bond: BondBloX HTTP error: 403 Client Error: Forbidden for url: https://bondblox.com/bond-market/Colombia,-Republic-Of-(Government)-US195325ES00"
2026-07-15,2026-07-15T20:55:33.244065-04:00,Chile,Chile 3.500% 31-Jan-2034 USD,"https://bondblox.com/bond-market/Chile,-Republic-Of-(Government)-US168863DV76",,4.55,,CLP=X,https://finance.yahoo.com/quote/CLP=X/,925.2000122070312,-1.0121286039107114,4.5116691142504495,2.841136136944966,BondBloX,US Treasury,Yahoo Finance via yfinance,PARTIAL_FAIL,"Bond: BondBloX HTTP error: 403 Client Error: Forbidden for url: https://bondblox.com/bond-market/Chile,-Republic-Of-(Government)-US168863DV76"
2026-07-15,2026-07-15T20:55:34.093185-04:00,Peru,Peru 5.375% 8-Feb-2035 USD,"https://bondblox.com/bond-market/Peru,-Republic-Of-(Government)-US715638EB48",,4.55,,PEN=X,https://finance.yahoo.com/quote/PEN=X/,3.3864998817443848,-0.5725196049587433,-0.51410581372211,2.687149620291329,BondBloX,US Treasury,Yahoo Finance via yfinance,PARTIAL_FAIL,"Bond: BondBloX HTTP error: 403 Client Error: Forbidden for url: https://bondblox.com/bond-market/Peru,-Republic-Of-(Government)-US715638EB48"
2026-07-15,2026-07-15T20:55:34.888368-04:00,Argentina,Argentina 4.125% 9-Jul-2035 USD,"https://bondblox.com/bond-market/Argentina,-Republic-Of-(Government)-US040114HT09",,4.55,,ARS=X,https://finance.yahoo.com/quote/ARS=X/,1470.4779052734375,-1.4436446695573757,2.867925295244045,1.4273744801871935,BondBloX,US Treasury,Yahoo Finance via yfinance,PARTIAL_FAIL,"Bond: BondBloX HTTP error: 403 Client Error: Forbidden for url: https://bondblox.com/bond-market/Argentina,-Republic-Of-(Government)-US040114HT09"
2026-07-16,2026-07-16T21:00:26.469877-04:00,Brazil,Brazil 6.625% 15-Mar-2035 USD,"https://bondblox.com/bond-market/Brazil,-Federative-Republic-Of-(Government)-US105756CL22",,4.57,,BRL=X,https://finance.yahoo.com/quote/BRL=X/,5.09089994430542,-1.4060209200708829,-0.21560901204359384,-7.7234047260895995,BondBloX,US Treasury,Yahoo Finance via yfinance,PARTIAL_FAIL,"Bond: BondBloX HTTP error: 403 Client Error: Forbidden for url: https://bondblox.com/bond-market/Brazil,-Federative-Republic-Of-(Government)-US105756CL22"
2026-07-16,2026-07-16T21:00:27.635824-04:00,Colombia,Colombia 8.500% 25-Apr-2035 USD,"https://bondblox.com/bond-market/Colombia,-Republic-Of-(Government)-US195325ES00",,4.57,,COP=X,https://finance.yahoo.com/quote/COP=X/,3223.780029296875,-2.1370994846868663,-6.7948426105428394,-14.447972307391687,BondBloX,US Treasury,Yahoo Finance via yfinance,PARTIAL_FAIL,"Bond: BondBloX HTTP error: 403 Client Error: Forbidden for url: https://bondblox.com/bond-market/Colombia,-Republic-Of-(Government)-US195325ES00"
2026-07-16,2026-07-16T21:00:28.521417-04:00,Chile,Chile 3.500% 31-Jan-2034 USD,"https://bondblox.com/bond-market/Chile,-Republic-Of-(Government)-US168863DV76",,4.57,,CLP=X,https://finance.yahoo.com/quote/CLP=X/,924.47998046875,-1.0891653615519803,4.4303334919091775,2.7611005975561875,BondBloX,US Treasury,Yahoo Finance via yfinance,PARTIAL_FAIL,"Bond: BondBloX HTTP error: 403 Client Error: Forbidden for url: https://bondblox.com/bond-market/Chile,-Republic-Of-(Government)-US168863DV76"
2026-07-16,2026-07-16T21:00:29.275894-04:00,Peru,Peru 5.375% 8-Feb-2035 USD,"https://bondblox.com/bond-market/Peru,-Republic-Of-(Government)-US715638EB48",,4.57,,PEN=X,https://finance.yahoo.com/quote/PEN=X/,3.3905999660491943,-0.24713043699061688,1.3774110378226734,2.8114744350457688,BondBloX,US Treasury,Yahoo Finance via yfinance,PARTIAL_FAIL,"Bond: BondBloX HTTP error: 403 Client Error: Forbidden for url: https://bondblox.com/bond-market/Peru,-Republic-Of-(Government)-US715638EB48"
2026-07-16,2026-07-16T21:00:30.150972-04:00,Argentina,Argentina 4.125% 9-Jul-2035 USD,"https://bondblox.com/bond-market/Argentina,-Republic-Of-(Government)-US040114HT09",,4.57,,ARS=X,https://finance.yahoo.com/quote/ARS=X/,1475.0,-0.8404988831097637,2.3262730530934306,1.739289534212185,BondBloX,US Treasury,Yahoo Finance via yfinance,PARTIAL_FAIL,"Bond: BondBloX HTTP error: 403 Client Error: Forbidden for url: https://bondblox.com/bond-market/Argentina,-Republic-Of-(Government)-US040114HT09"
2026-07-17,2026-07-17T20:54:33.253572-04:00,Brazil,Brazil 6.625% 15-Mar-2035 USD,"https://bondblox.com/bond-market/Brazil,-Federative-Republic-Of-(Government)-US105756CL22",,4.55,,BRL=X,https://finance.yahoo.com/quote/BRL=X/,5.110799789428711,-0.4499576420306184,-0.22061434270648217,-7.362704265553255,BondBloX,US Treasury,Yahoo Finance via yfinance,PARTIAL_FAIL,"Bond: BondBloX HTTP error: 403 Client Error: Forbidden for url: https://bondblox.com/bond-market/Brazil,-Federative-Republic-Of-(Government)-US105756CL22"
2026-07-17,2026-07-17T20:54:34.591792-04:00,Colombia,Colombia 8.500% 25-Apr-2035 USD,"https://bondblox.com/bond-market/Colombia,-Republic-Of-(Government)-US195325ES00",,4.55,,COP=X,https://finance.yahoo.com/quote/COP=X/,3251.1298828125,-0.3540049612625329,-5.613332019712813,-13.722167381468164,BondBloX,US Treasury,Yahoo Finance via yfinance,PARTIAL_FAIL,"Bond: BondBloX HTTP error: 403 Client Error: Forbidden for url: https://bondblox.com/bond-market/Colombia,-Republic-Of-(Government)-US195325ES00"
2026-07-17,2026-07-17T20:54:35.679987-04:00,Chile,Chile 3.500% 31-Jan-2034 USD,"https://bondblox.com/bond-market/Chile,-Republic-Of-(Government)-US168863DV76",,4.55,,CLP=X,https://finance.yahoo.com/quote/CLP=X/,931.2000122070312,0.45740810109069496,5.060082118403031,3.50806956612828,BondBloX,US Treasury,Yahoo Finance via yfinance,PARTIAL_FAIL,"Bond: BondBloX HTTP error: 403 Client Error: Forbidden for url: https://bondblox.com/bond-market/Chile,-Republic-Of-(Government)-US168863DV76"
2026-07-17,2026-07-17T20:54:36.929024-04:00,Peru,Peru 5.375% 8-Feb-2035 USD,"https://bondblox.com/bond-market/Peru,-Republic-Of-(Government)-US715638EB48",,4.55,,PEN=X,https://finance.yahoo.com/quote/PEN=X/,3.3898000717163086,-0.2706636629245196,1.3534945577354573,2.7872196374937985,BondBloX,US Treasury,Yahoo Finance via yfinance,PARTIAL_FAIL,"Bond: BondBloX HTTP error: 403 Client Error: Forbidden for url: https://bondblox.com/bond-market/Peru,-Republic-Of-(Government)-US715638EB48"
2026-07-17,2026-07-17T20:54:37.785843-04:00,Argentina,Argentina 4.125% 9-Jul-2035 USD,"https://bondblox.com/bond-market/Argentina,-Republic-Of-(Government)-US040114HT09",,4.55,,ARS=X,https://finance.yahoo.com/quote/ARS=X/,1478.0,-0.6388185418550685,2.5343942864217706,1.946216902756337,BondBloX,US Treasury,Yahoo Finance via yfinance,PARTIAL_FAIL,"Bond: BondBloX HTTP error: 403 Client Error: Forbidden for url: https://bondblox.com/bond-market/Argentina,-Republic-Of-(Government)-US040114HT09"
2026-07-20,2026-07-20T20:57:32.543746-04:00,Brazil,Brazil 6.625% 15-Mar-2035 USD,"https://bondblox.com/bond-market/Brazil,-Federative-Republic-Of-(Government)-US105756CL22",,4.6,,BRL=X,https://finance.yahoo.com/quote/BRL=X/,5.09119987487793,-1.1014244350810332,-1.1686184987155235,-7.717968246812356,BondBloX,US Treasury,Yahoo Finance via yfinance,PARTIAL_FAIL,"Bond: BondBloX HTTP error: 403 Client Error: Forbidden for url: https://bondblox.com/bond-market/Brazil,-Federative-Republic-Of-(Government)-US105756CL22"
2026-07-20,2026-07-20T20:57:33.723377-04:00,Colombia,Colombia 8.500% 25-Apr-2035 USD,"https://bondblox.com/bond-market/Colombia,-Republic-Of-(Government)-US195325ES00",,4.6,,COP=X,https://finance.yahoo.com/quote/COP=X/,3255.239990234375,0.5958055578440868,-5.513482693332772,-13.613094175238105,BondBloX,US Treasury,Yahoo Finance via yfinance,PARTIAL_FAIL,"Bond: BondBloX HTTP error: 403 Client Error: Forbidden for url: https://bondblox.com/bond-market/Colombia,-Republic-Of-(Government)-US195325ES00"
2026-07-20,2026-07-20T20:57:34.503093-04:00,Chile,Chile 3.500% 31-Jan-2034 USD,"https://bondblox.com/bond-market/Chile,-Republic-Of-(Government)-US168863DV76",,4.6,,CLP=X,https://finance.yahoo.com/quote/CLP=X/,933.5999755859375,0.33315159440487907,3.5940516442974024,3.7748388671629884,BondBloX,US Treasury,Yahoo Finance via yfinance,PARTIAL_FAIL,"Bond: BondBloX HTTP error: 403 Client Error: Forbidden for url: https://bondblox.com/bond-market/Chile,-Republic-Of-(Government)-US168863DV76"
2026-07-20,2026-07-20T20:57:35.377245-04:00,Peru,Peru 5.375% 8-Feb-2035 USD,"https://bondblox.com/bond-market/Peru,-Republic-Of-(Government)-US715638EB48",,4.6,,PEN=X,https://finance.yahoo.com/quote/PEN=X/,3.3884999752044678,-0.6305017620251263,2.325720869577186,2.7477974583430154,BondBloX,US Treasury,Yahoo Finance via yfinance,PARTIAL_FAIL,"Bond: BondBloX HTTP error: 403 Client Error: Forbidden for url: https://bondblox.com/bond-market/Peru,-Republic-Of-(Government)-US715638EB48"
2026-07-20,2026-07-20T20:57:36.179169-04:00,Argentina,Argentina 4.125% 9-Jul-2035 USD,"https://bondblox.com/bond-market/Argentina,-Republic-Of-(Government)-US040114HT09",,4.6,,ARS=X,https://finance.yahoo.com/quote/ARS=X/,1431.5400390625,-4.033620707150387,-1.3325417843304987,-1.2583955837307759,BondBloX,US Treasury,Yahoo Finance via yfinance,PARTIAL_FAIL,"Bond: BondBloX HTTP error: 403 Client Error: Forbidden for url: https://bondblox.com/bond-market/Argentina,-Republic-Of-(Government)-US040114HT09"
2026-07-21,2026-07-21T20:55:15.154125-04:00,Brazil,Brazil 6.625% 15-Mar-2035 USD,"https://bondblox.com/bond-market/Brazil,-Federative-Republic-Of-(Government)-US105756CL22",,4.63,,BRL=X,https://finance.yahoo.com/quote/BRL=X/,5.0742998123168945,-0.2673077103307331,-1.5941055472350363,-8.024295271524917,BondBloX,US Treasury,Yahoo Finance via yfinance,PARTIAL_FAIL,"Bond: BondBloX HTTP error: 403 Client Error: Forbidden for url: https://bondblox.com/bond-market/Brazil,-Federative-Republic-Of-(Government)-US105756CL22"
2026-07-21,2026-07-21T20:55:16.146658-04:00,Colombia,Colombia 8.500% 25-Apr-2035 USD,"https://bondblox.com/bond-market/Colombia,-Republic-Of-(Government)-US195325ES00",,4.63,,COP=X,https://finance.yahoo.com/quote/COP=X/,3213.469970703125,-1.4294201253073457,-6.674703768648316,-14.721578574044214,BondBloX,US Treasury,Yahoo Finance via yfinance,PARTIAL_FAIL,"Bond: BondBloX HTTP error: 403 Client Error: Forbidden for url: https://bondblox.com/bond-market/Colombia,-Republic-Of-(Government)-US195325ES00"
2026-07-21,2026-07-21T20:55:16.940385-04:00,Chile,Chile 3.500% 31-Jan-2034 USD,"https://bondblox.com/bond-market/Chile,-Republic-Of-(Government)-US168863DV76",,4.63,,CLP=X,https://finance.yahoo.com/quote/CLP=X/,933.780029296875,0.3525018051450779,3.614030750892705,3.794852840308449,BondBloX,US Treasury,Yahoo Finance via yfinance,PARTIAL_FAIL,"Bond: BondBloX HTTP error: 403 Client Error: Forbidden for url: https://bondblox.com/bond-market/Chile,-Republic-Of-(Government)-US168863DV76"
2026-07-21,2026-07-21T20:55:17.733456-04:00,Peru,Peru 5.375% 8-Feb-2035 USD,"https://bondblox.com/bond-market/Peru,-Republic-Of-(Government)-US715638EB48",,4.63,,PEN=X,https://finance.yahoo.com/quote/PEN=X/,3.394200086593628,0.12389326134170098,0.4498413235780374,2.920639097649236,BondBloX,US Treasury,Yahoo Finance via yfinance,PARTIAL_FAIL,"Bond: BondBloX HTTP error: 403 Client Error: Forbidden for url: https://bondblox.com/bond-market/Peru,-Republic-Of-(Government)-US715638EB48"
2026-07-21,2026-07-21T20:55:18.616794-04:00,Argentina,Argentina 4.125% 9-Jul-2035 USD,"https://bondblox.com/bond-market/Argentina,-Republic-Of-(Government)-US040114HT09",,4.63,,ARS=X,https://finance.yahoo.com/quote/ARS=X/,1477.5,0.47753826843504044,1.09548338307639,1.9117290079989857,BondBloX,US Treasury,Yahoo Finance via yfinance,PARTIAL_FAIL,"Bond: BondBloX HTTP error: 403 Client Error: Forbidden for url: https://bondblox.com/bond-market/Argentina,-Republic-Of-(Government)-US040114HT09"
2026-07-22,2026-07-22T21:00:13.714056-04:00,Brazil,Brazil 6.625% 15-Mar-2035 USD,"https://bondblox.com/bond-market/Brazil,-Federative-Republic-Of-(Government)-US105756CL22",,4.67,,BRL=X,https://finance.yahoo.com/quote/BRL=X/,5.087500095367432,-0.0078630940665958,-1.3381124627379948,-7.785029681966826,BondBloX,US Treasury,Yahoo Finance via yfinance,PARTIAL_FAIL,"Bond: BondBloX HTTP error: 403 Client Error: Forbidden for url: https://bondblox.com/bond-market/Brazil,-Federative-Republic-Of-(Government)-US105756CL22"
2026-07-22,2026-07-22T21:00:14.778698-04:00,Colombia,Colombia 8.500% 25-Apr-2035 USD,"https://bondblox.com/bond-market/Colombia,-Republic-Of-(Government)-US195325ES00",,4.67,,COP=X,https://finance.yahoo.com/quote/COP=X/,3227.449951171875,-1.0005955854782034,-6.268698475165168,-14.350580656898648,BondBloX,US Treasury,Yahoo Finance via yfinance,PARTIAL_FAIL,"Bond: BondBloX HTTP error: 403 Client Error: Forbidden for url: https://bondblox.com/bond-market/Colombia,-Republic-Of-(Government)-US195325ES00"
2026-07-22,2026-07-22T21:00:15.573235-04:00,Chile,Chile 3.500% 31-Jan-2034 USD,"https://bondblox.com/bond-market/Chile,-Republic-Of-(Government)-US168863DV76",,4.67,,CLP=X,https://finance.yahoo.com/quote/CLP=X/,934.1699829101562,0.9858921396179277,3.1149589185806015,3.838198357063116,BondBloX,US Treasury,Yahoo Finance via yfinance,PARTIAL_FAIL,"Bond: BondBloX HTTP error: 403 Client Error: Forbidden for url: https://bondblox.com/bond-market/Chile,-Republic-Of-(Government)-US168863DV76"
2026-07-22,2026-07-22T21:00:16.406610-04:00,Peru,Peru 5.375% 8-Feb-2035 USD,"https://bondblox.com/bond-market/Peru,-Republic-Of-(Government)-US715638EB48",,4.67,,PEN=X,https://finance.yahoo.com/quote/PEN=X/,3.398900032043457,2.4216404782744894,2.334833131860714,3.0631532032056707,BondBloX,US Treasury,Yahoo Finance via yfinance,PARTIAL_FAIL,"Bond: BondBloX HTTP error: 403 Client Error: Forbidden for url: https://bondblox.com/bond-market/Peru,-Republic-Of-(Government)-US715638EB48"
2026-07-22,2026-07-22T21:00:17.203060-04:00,Argentina,Argentina 4.125% 9-Jul-2035 USD,"https://bondblox.com/bond-market/Argentina,-Republic-Of-(Government)-US040114HT09",,4.67,,ARS=X,https://finance.yahoo.com/quote/ARS=X/,1477.74609375,0.4942738990159068,1.112321939160199,1.9287035186998702,BondBloX,US Treasury,Yahoo Finance via yfinance,PARTIAL_FAIL,"Bond: BondBloX HTTP error: 403 Client Error: Forbidden for url: https://bondblox.com/bond-market/Argentina,-Republic-Of-(Government)-US040114HT09"
2026-07-23,2026-07-23T20:55:26.165922-04:00,Brazil,Brazil 6.625% 15-Mar-2035 USD,"https://bondblox.com/bond-market/Brazil,-Federative-Republic-Of-(Government)-US105756CL22",,4.71,,BRL=X,https://finance.yahoo.com/quote/BRL=X/,5.062488079071045,-0.5580912126579074,-2.6013803021494586,-8.238392295653208,BondBloX,US Treasury,Yahoo Finance via yfinance,PARTIAL_FAIL,"Bond: BondBloX HTTP error: 403 Client Error: Forbidden for url: https://bondblox.com/bond-market/Brazil,-Federative-Republic-Of-(Government)-US105756CL22"
2026-07-23,2026-07-23T20:55:27.351325-04:00,Colombia,Colombia 8.500% 25-Apr-2035 USD,"https://bondblox.com/bond-market/Colombia,-Republic-Of-(Government)-US195325ES00",,4.71,,COP=X,https://finance.yahoo.com/quote/COP=X/,3215.43994140625,-0.4954435317749195,-6.226414100226007,-14.669299886721953,BondBloX,US Treasury,Yahoo Finance via yfinance,PARTIAL_FAIL,"Bond: BondBloX HTTP error: 403 Client Error: Forbidden for url: https://bondblox.com/bond-market/Colombia,-Republic-Of-(Government)-US195325ES00"
2026-07-23,2026-07-23T20:55:28.254945-04:00,Chile,Chile 3.500% 31-Jan-2034 USD,"https://bondblox.com/bond-market/Chile,-Republic-Of-(Government)-US168863DV76",,4.71,,CLP=X,https://finance.yahoo.com/quote/CLP=X/,945.1300048828125,2.272407549699995,2.930674025645641,5.056465863421122,BondBloX,US Treasury,Yahoo Finance via yfinance,PARTIAL_FAIL,"Bond: BondBloX HTTP error: 403 Client Error: Forbidden for url: https://bondblox.com/bond-market/Chile,-Republic-Of-(Government)-US168863DV76"
2026-07-23,2026-07-23T20:55:29.178396-04:00,Peru,Peru 5.375% 8-Feb-2035 USD,"https://bondblox.com/bond-market/Peru,-Republic-Of-(Government)-US715638EB48",,4.71,,PEN=X,https://finance.yahoo.com/quote/PEN=X/,3.4003000259399414,0.6005890772693423,-0.5760248513021038,3.105604521007521,BondBloX,US Treasury,Yahoo Finance via yfinance,PARTIAL_FAIL,"Bond: BondBloX HTTP error: 403 Client Error: Forbidden for url: https://bondblox.com/bond-market/Peru,-Republic-Of-(Government)-US715638EB48"
2026-07-23,2026-07-23T20:55:30.080007-04:00,Argentina,Argentina 4.125% 9-Jul-2035 USD,"https://bondblox.com/bond-market/Argentina,-Republic-Of-(Government)-US040114HT09",,4.71,,ARS=X,https://finance.yahoo.com/quote/ARS=X/,1488.25,0.8641806168596222,0.6093712104101145,2.6532187452822376,BondBloX,US Treasury,Yahoo Finance via yfinance,PARTIAL_FAIL,"Bond: BondBloX HTTP error: 403 Client Error: Forbidden for url: https://bondblox.com/bond-market/Argentina,-Republic-Of-(Government)-US040114HT09"
2026-07-24,2026-07-24T21:02:47.537406-04:00,Brazil,Brazil 6.625% 15-Mar-2035 USD,"https://bondblox.com/bond-market/Brazil,-Federative-Republic-Of-(Government)-US105756CL22",,4.69,,BRL=X,https://finance.yahoo.com/quote/BRL=X/,5.075099945068359,-0.7528909932454253,-2.5424874957867605,-8.009792231418045,BondBloX,US Treasury,Yahoo Finance via yfinance,PARTIAL_FAIL,"Bond: BondBloX HTTP error: 403 Client Error: Forbidden for url: https://bondblox.com/bond-market/Brazil,-Federative-Republic-Of-(Government)-US105756CL22"
2026-07-24,2026-07-24T21:02:48.828574-04:00,Colombia,Colombia 8.500% 25-Apr-2035 USD,"https://bondblox.com/bond-market/Colombia,-Republic-Of-(Government)-US195325ES00",,4.69,,COP=X,https://finance.yahoo.com/quote/COP=X/,3217.659912109375,-1.5635883563691166,-6.620546358512103,-14.610386749552372,BondBloX,US Treasury,Yahoo Finance via yfinance,PARTIAL_FAIL,"Bond: BondBloX HTTP error: 403 Client Error: Forbidden for url: https://bondblox.com/bond-market/Colombia,-Republic-Of-(Government)-US195325ES00"
2026-07-24,2026-07-24T21:02:49.744616-04:00,Chile,Chile 3.500% 31-Jan-2034 USD,"https://bondblox.com/bond-market/Chile,-Republic-Of-(Government)-US168863DV76",,4.69,,CLP=X,https://finance.yahoo.com/quote/CLP=X/,948.4500122070312,2.631665154872098,3.292243957704133,5.425503175030277,BondBloX,US Treasury,Yahoo Finance via yfinance,PARTIAL_FAIL,"Bond: BondBloX HTTP error: 403 Client Error: Forbidden for url: https://bondblox.com/bond-market/Chile,-Republic-Of-(Government)-US168863DV76"
2026-07-24,2026-07-24T21:02:50.678810-04:00,Peru,Peru 5.375% 8-Feb-2035 USD,"https://bondblox.com/bond-market/Peru,-Republic-Of-(Government)-US715638EB48",,4.69,,PEN=X,https://finance.yahoo.com/quote/PEN=X/,3.4000000953674316,2.4675400354711607,-0.5847947508874518,3.0965098756065013,BondBloX,US Treasury,Yahoo Finance via yfinance,PARTIAL_FAIL,"Bond: BondBloX HTTP error: 403 Client Error: Forbidden for url: https://bondblox.com/bond-market/Peru,-Republic-Of-(Government)-US715638EB48"
2026-07-24,2026-07-24T21:02:51.624449-04:00,Argentina,Argentina 4.125% 9-Jul-2035 USD,"https://bondblox.com/bond-market/Argentina,-Republic-Of-(Government)-US040114HT09",,4.69,,ARS=X,https://finance.yahoo.com/quote/ARS=X/,1496.0,1.3894266439254288,1.1332903280856899,3.1877811140213153,BondBloX,US Treasury,Yahoo Finance via yfinance,PARTIAL_FAIL,"Bond: BondBloX HTTP error: 403 Client Error: Forbidden for url: https://bondblox.com/bond-market/Argentina,-Republic-Of-(Government)-US040114HT09"
2026-07-27,2026-07-27T20:54:05.097476-04:00,Brazil,Brazil 6.625% 15-Mar-2035 USD,"https://bondblox.com/bond-market/Brazil,-Federative-Republic-Of-(Government)-US105756CL22",,4.65,,BRL=X,https://finance.yahoo.com/quote/BRL=X/,5.116000175476074,0.2272552540691697,-1.0578818533524936,-7.26844314790992,BondBloX,US Treasury,Yahoo Finance via yfinance,PARTIAL_FAIL,"Bond: BondBloX HTTP error: 403 Client Error: Forbidden for url: https://bondblox.com/bond-market/Brazil,-Federative-Republic-Of-(Government)-US105756CL22"
2026-07-27,2026-07-27T20:54:06.006078-04:00,Colombia,Colombia 8.500% 25-Apr-2035 USD,"https://bondblox.com/bond-market/Colombia,-Republic-Of-(Government)-US195325ES00",,4.65,,COP=X,https://finance.yahoo.com/quote/COP=X/,3195.97998046875,-1.8454789555834794,-7.036851820789602,-15.185724426204317,BondBloX,US Treasury,Yahoo Finance via yfinance,PARTIAL_FAIL,"Bond: BondBloX HTTP error: 403 Client Error: Forbidden for url: https://bondblox.com/bond-market/Colombia,-Republic-Of-(Government)-US195325ES00"
2026-07-27,2026-07-27T20:54:06.701177-04:00,Chile,Chile 3.500% 31-Jan-2034 USD,"https://bondblox.com/bond-market/Chile,-Republic-Of-(Government)-US168863DV76",,4.65,,CLP=X,https://finance.yahoo.com/quote/CLP=X/,945.989990234375,1.2858958453903169,2.844000810855918,5.152058026681949,BondBloX,US Treasury,Yahoo Finance via yfinance,PARTIAL_FAIL,"Bond: BondBloX HTTP error: 403 Client Error: Forbidden for url: https://bondblox.com/bond-market/Chile,-Republic-Of-(Government)-US168863DV76"
2026-07-27,2026-07-27T20:54:07.379177-04:00,Peru,Peru 5.375% 8-Feb-2035 USD,"https://bondblox.com/bond-market/Peru,-Republic-Of-(Government)-US715638EB48",,4.65,,PEN=X,https://finance.yahoo.com/quote/PEN=X/,3.3996999263763428,2.3787370864132296,1.7009190072157399,3.087408000757641,BondBloX,US Treasury,Yahoo Finance via yfinance,PARTIAL_FAIL,"Bond: BondBloX HTTP error: 403 Client Error: Forbidden for url: https://bondblox.com/bond-market/Peru,-Republic-Of-(Government)-US715638EB48"
2026-07-27,2026-07-27T20:54:08.053780-04:00,Argentina,Argentina 4.125% 9-Jul-2035 USD,"https://bondblox.com/bond-market/Argentina,-Republic-Of-(Government)-US040114HT09",,4.65,,ARS=X,https://finance.yahoo.com/quote/ARS=X/,1496.5,1.0108726944405122,1.1701639269313224,3.2222690087786665,BondBloX,US Treasury,Yahoo Finance via yfinance,PARTIAL_FAIL,"Bond: BondBloX HTTP error: 403 Client Error: Forbidden for url: https://bondblox.com/bond-market/Argentina,-Republic-Of-(Government)-US040114HT09"
2026-07-28,2026-07-28T20:56:23.144591-04:00,Brazil,Brazil 6.625% 15-Mar-2035 USD,"https://bondblox.com/bond-market/Brazil,-Federative-Republic-Of-(Government)-US105756CL22",,4.61,,BRL=X,https://finance.yahoo.com/quote/BRL=X/,5.123025894165039,0.3648956911742385,-0.9220062738478529,-7.141096429832084,BondBloX,US Treasury,Yahoo Finance via yfinance,PARTIAL_FAIL,"Bond: BondBloX HTTP error: 403 Client Error: Forbidden for url: https://bondblox.com/bond-market/Brazil,-Federative-Republic-Of-(Government)-US105756CL22"
2026-07-28,2026-07-28T20:56:24.184159-04:00,Colombia,Colombia 8.500% 25-Apr-2035 USD,"https://bondblox.com/bond-market/Colombia,-Republic-Of-(Government)-US195325ES00",,4.61,,COP=X,https://finance.yahoo.com/quote/COP=X/,3200.800048828125,-0.8257262776165897,-7.0413112951971275,-15.057810419040663,BondBloX,US Treasury,Yahoo Finance via yfinance,PARTIAL_FAIL,"Bond: BondBloX HTTP error: 403 Client Error: Forbidden for url: https://bondblox.com/bond-market/Colombia,-Republic-Of-(Government)-US195325ES00"
2026-07-28,2026-07-28T20:56:25.002227-04:00,Chile,Chile 3.500% 31-Jan-2034 USD,"https://bondblox.com/bond-market/Chile,-Republic-Of-(Government)-US168863DV76",,4.61,,CLP=X,https://finance.yahoo.com/quote/CLP=X/,932.72998046875,-0.15414779619875585,1.1901113724725798,3.678134062683225,BondBloX,US Treasury,Yahoo Finance via yfinance,PARTIAL_FAIL,"Bond: BondBloX HTTP error: 403 Client Error: Forbidden for url: https://bondblox.com/bond-market/Chile,-Republic-Of-(Government)-US168863DV76"
2026-07-28,2026-07-28T20:56:25.911110-04:00,Peru,Peru 5.375% 8-Feb-2035 USD,"https://bondblox.com/bond-market/Peru,-Republic-Of-(Government)-US715638EB48",,4.61,,PEN=X,https://finance.yahoo.com/quote/PEN=X/,3.400700092315674,0.19740833248333978,-0.2727270756871292,3.1177355345074265,BondBloX,US Treasury,Yahoo Finance via yfinance,PARTIAL_FAIL,"Bond: BondBloX HTTP error: 403 Client Error: Forbidden for url: https://bondblox.com/bond-market/Peru,-Republic-Of-(Government)-US715638EB48"
2026-07-28,2026-07-28T20:56:26.719400-04:00,Argentina,Argentina 4.125% 9-Jul-2035 USD,"https://bondblox.com/bond-market/Argentina,-Republic-Of-(Government)-US040114HT09",,4.61,,ARS=X,https://finance.yahoo.com/quote/ARS=X/,1497.056884765625,1.0484613454034397,1.2078118541125393,3.2606805751563828,BondBloX,US Treasury,Yahoo Finance via yfinance,PARTIAL_FAIL,"Bond: BondBloX HTTP error: 403 Client Error: Forbidden for url: https://bondblox.com/bond-market/Argentina,-Republic-Of-(Government)-US040114HT09"
2026-07-29,2026-07-29T20:54:09.026083-04:00,Brazil,Brazil 6.625% 15-Mar-2035 USD,"https://bondblox.com/bond-market/Brazil,-Federative-Republic-Of-(Government)-US105756CL22",,4.67,,BRL=X,https://finance.yahoo.com/quote/BRL=X/,5.1371002197265625,0.9749410010683857,-0.8623819188285253,-6.885988127213272,BondBloX,US Treasury,Yahoo Finance via yfinance,PARTIAL_FAIL,"Bond: BondBloX HTTP error: 403 Client Error: Forbidden for url: https://bondblox.com/bond-market/Brazil,-Federative-Republic-Of-(Government)-US105756CL22"
2026-07-29,2026-07-29T20:54:10.183567-04:00,Colombia,Colombia 8.500% 25-Apr-2035 USD,"https://bondblox.com/bond-market/Colombia,-Republic-Of-(Government)-US195325ES00",,4.67,,COP=X,https://finance.yahoo.com/quote/COP=X/,3211.110107421875,-0.5062772156719908,-6.741883179499741,-14.784204152388124,BondBloX,US Treasury,Yahoo Finance via yfinance,PARTIAL_FAIL,"Bond: BondBloX HTTP error: 403 Client Error: Forbidden for url: https://bondblox.com/bond-market/Colombia,-Republic-Of-(Government)-US195325ES00"
2026-07-29,2026-07-29T20:54:10.852894-04:00,Chile,Chile 3.500% 31-Jan-2034 USD,"https://bondblox.com/bond-market/Chile,-Republic-Of-(Government)-US168863DV76",,4.67,,CLP=X,https://finance.yahoo.com/quote/CLP=X/,934.3800048828125,0.02248220093756803,1.3691194002217966,3.8615434694676987,BondBloX,US Treasury,Yahoo Finance via yfinance,PARTIAL_FAIL,"Bond: BondBloX HTTP error: 403 Client Error: Forbidden for url: https://bondblox.com/bond-market/Chile,-Republic-Of-(Government)-US168863DV76"
2026-07-29,2026-07-29T20:54:11.550949-04:00,Peru,Peru 5.375% 8-Feb-2035 USD,"https://bondblox.com/bond-market/Peru,-Republic-Of-(Government)-US715638EB48",,4.67,,PEN=X,https://finance.yahoo.com/quote/PEN=X/,3.400700092315674,0.050019503467879645,1.747485857536235,3.1177355345074265,BondBloX,US Treasury,Yahoo Finance via yfinance,PARTIAL_FAIL,"Bond: BondBloX HTTP error: 403 Client Error: Forbidden for url: https://bondblox.com/bond-market/Peru,-Republic-Of-(Government)-US715638EB48"
2026-07-29,2026-07-29T20:54:12.441739-04:00,Argentina,Argentina 4.125% 9-Jul-2035 USD,"https://bondblox.com/bond-market/Argentina,-Republic-Of-(Government)-US040114HT09",,4.67,,ARS=X,https://finance.yahoo.com/quote/ARS=X/,1499.7508544921875,1.4890758862604825,1.2522153631753463,3.4464992639747782,BondBloX,US Treasury,Yahoo Finance via yfinance,PARTIAL_FAIL,"Bond: BondBloX HTTP error: 403 Client Error: Forbidden for url: https://bondblox.com/bond-market/Argentina,-Republic-Of-(Government)-US040114HT09"
2026-07-30,2026-07-30T21:04:02.422968-04:00,Brazil,Brazil 6.625% 15-Mar-2035 USD,"https://bondblox.com/bond-market/Brazil,-Federative-Republic-Of-(Government)-US105756CL22",,4.68,,BRL=X,https://finance.yahoo.com/quote/BRL=X/,5.127099990844727,1.276287682351196,-0.9198561167519936,-7.0672501993951915,BondBloX,US Treasury,Yahoo Finance via yfinance,PARTIAL_FAIL,"Bond: BondBloX HTTP error: 403 Client Error: Forbidden for url: https://bondblox.com/bond-market/Brazil,-Federative-Republic-Of-(Government)-US105756CL22"
2026-07-30,2026-07-30T21:04:03.427993-04:00,Colombia,Colombia 8.500% 25-Apr-2035 USD,"https://bondblox.com/bond-market/Colombia,-Republic-Of-(Government)-US195325ES00",,4.68,,COP=X,https://finance.yahoo.com/quote/COP=X/,3115.97998046875,-3.0090400390181182,-8.00829024656312,-17.30874837734574,BondBloX,US Treasury,Yahoo Finance via yfinance,PARTIAL_FAIL,"Bond: BondBloX HTTP error: 403 Client Error: Forbidden for url: https://bondblox.com/bond-market/Colombia,-Republic-Of-(Government)-US195325ES00"
2026-07-30,2026-07-30T21:04:04.330498-04:00,Chile,Chile 3.500% 31-Jan-2034 USD,"https://bondblox.com/bond-market/Chile,-Republic-Of-(Government)-US168863DV76",,4.68,,CLP=X,https://finance.yahoo.com/quote/CLP=X/,934.9099731445312,-0.11005291943801954,1.4475260386397792,3.920452394492102,BondBloX,US Treasury,Yahoo Finance via yfinance,PARTIAL_FAIL,"Bond: BondBloX HTTP error: 403 Client Error: Forbidden for url: https://bondblox.com/bond-market/Chile,-Republic-Of-(Government)-US168863DV76"
2026-07-30,2026-07-30T21:04:05.181169-04:00,Peru,Peru 5.375% 8-Feb-2035 USD,"https://bondblox.com/bond-market/Peru,-Republic-Of-(Government)-US715638EB48",,4.68,,PEN=X,https://finance.yahoo.com/quote/PEN=X/,3.3833000659942627,1.5311172803153417,-0.9572548137731673,2.590123200635608,BondBloX,US Treasury,Yahoo Finance via yfinance,PARTIAL_FAIL,"Bond: BondBloX HTTP error: 403 Client Error: Forbidden for url: https://bondblox.com/bond-market/Peru,-Republic-Of-(Government)-US715638EB48"
2026-07-30,2026-07-30T21:04:06.038155-04:00,Argentina,Argentina 4.125% 9-Jul-2035 USD,"https://bondblox.com/bond-market/Argentina,-Republic-Of-(Government)-US040114HT09",,4.68,,ARS=X,https://finance.yahoo.com/quote/ARS=X/,1488.5,-0.033505825070079265,-0.07015859973892313,2.670462692660913,BondBloX,US Treasury,Yahoo Finance via yfinance,PARTIAL_FAIL,"Bond: BondBloX HTTP error: 403 Client Error: Forbidden for url: https://bondblox.com/bond-market/Argentina,-Republic-Of-(Government)-US040114HT09"
2026-07-31,2026-07-31T21:02:09.246629-04:00,Brazil,Brazil 6.625% 15-Mar-2035 USD,"https://bondblox.com/bond-market/Brazil,-Federative-Republic-Of-(Government)-US105756CL22",,4.75,,BRL=X,https://finance.yahoo.com/quote/BRL=X/,5.074699878692627,-0.4355609808761818,-2.7947026376110795,-8.017043751471476,BondBloX,US Treasury,Yahoo Finance via yfinance,PARTIAL_FAIL,"Bond: BondBloX HTTP error: 403 Client Error: Forbidden for url: https://bondblox.com/bond-market/Brazil,-Federative-Republic-Of-(Government)-US105756CL22"
2026-07-31,2026-07-31T21:02:10.203320-04:00,Colombia,Colombia 8.500% 25-Apr-2035 USD,"https://bondblox.com/bond-market/Colombia,-Republic-Of-(Government)-US195325ES00",,4.75,,COP=X,https://finance.yahoo.com/quote/COP=X/,3151.679931640625,-1.8978093647441963,-6.954336252314109,-16.361350234939863,BondBloX,US Treasury,Yahoo Finance via yfinance,PARTIAL_FAIL,"Bond: BondBloX HTTP error: 403 Client Error: Forbidden for url: https://bondblox.com/bond-market/Colombia,-Republic-Of-(Government)-US195325ES00"
2026-07-31,2026-07-31T21:02:11.102896-04:00,Chile,Chile 3.500% 31-Jan-2034 USD,"https://bondblox.com/bond-market/Chile,-Republic-Of-(Government)-US168863DV76",,4.75,,CLP=X,https://finance.yahoo.com/quote/CLP=X/,930.469970703125,-1.212460453737274,0.5848240285829309,3.4269213855205427,BondBloX,US Treasury,Yahoo Finance via yfinance,PARTIAL_FAIL,"Bond: BondBloX HTTP error: 403 Client Error: Forbidden for url: https://bondblox.com/bond-market/Chile,-Republic-Of-(Government)-US168863DV76"
2026-07-31,2026-07-31T21:02:12.035320-04:00,Peru,Peru 5.375% 8-Feb-2035 USD,"https://bondblox.com/bond-market/Peru,-Republic-Of-(Government)-US715638EB48",,4.75,,PEN=X,https://finance.yahoo.com/quote/PEN=X/,3.3875999450683594,1.6601544682820046,-0.8313801295416923,2.7205062926921597,BondBloX,US Treasury,Yahoo Finance via yfinance,PARTIAL_FAIL,"Bond: BondBloX HTTP error: 403 Client Error: Forbidden for url: https://bondblox.com/bond-market/Peru,-Republic-Of-(Government)-US715638EB48"
2026-07-31,2026-07-31T21:02:12.898730-04:00,Argentina,Argentina 4.125% 9-Jul-2035 USD,"https://bondblox.com/bond-market/Argentina,-Republic-Of-(Government)-US040114HT09",,4.75,,ARS=X,https://finance.yahoo.com/quote/ARS=X/,1485.0,-0.26856308379513694,-0.30512967457997364,2.4290474293593878,BondBloX,US Treasury,Yahoo Finance via yfinance,PARTIAL_FAIL,"Bond: BondBloX HTTP error: 403 Client Error: Forbidden for url: https://bondblox.com/bond-market/Argentina,-Republic-Of-(Government)-US040114HT09"
2026-08-03,2026-08-03T20:58:18.581326-04:00,Brazil,Brazil 6.625% 15-Mar-2035 USD,"https://bondblox.com/bond-market/Brazil,-Federative-Republic-Of-(Government)-US105756CL22",,4.7,,BRL=X,https://finance.yahoo.com/quote/BRL=X/,5.089399814605713,-0.6563714541756527,-1.8324254597044343,-7.750595765527157,BondBloX,US Treasury,Yahoo Finance via yfinance,PARTIAL_FAIL,"Bond: BondBloX HTTP error: 403 Client Error: Forbidden for url: https://bondblox.com/bond-market/Brazil,-Federative-Republic-Of-(Government)-US105756CL22"
2026-08-03,2026-08-03T20:58:19.585370-04:00,Colombia,Colombia 8.500% 25-Apr-2035 USD,"https://bondblox.com/bond-market/Colombia,-Republic-Of-(Government)-US195325ES00",,4.7,,COP=X,https://finance.yahoo.com/quote/COP=X/,3230.8701171875,0.8279404984862015,-3.40964230389017,-14.259816977298001,BondBloX,US Treasury,Yahoo Finance via yfinance,PARTIAL_FAIL,"Bond: BondBloX HTTP error: 403 Client Error: Forbidden for url: https://bondblox.com/bond-market/Colombia,-Republic-Of-(Government)-US195325ES00"
2026-08-03,2026-08-03T20:58:20.451187-04:00,Chile,Chile 3.500% 31-Jan-2034 USD,"https://bondblox.com/bond-market/Chile,-Republic-Of-(Government)-US168863DV76",,4.7,,CLP=X,https://finance.yahoo.com/quote/CLP=X/,925.1199951171875,-1.5871647226605834,0.46478955485180773,2.8322417915911835,BondBloX,US Treasury,Yahoo Finance via yfinance,PARTIAL_FAIL,"Bond: BondBloX HTTP error: 403 Client Error: Forbidden for url: https://bondblox.com/bond-market/Chile,-Republic-Of-(Government)-US168863DV76"
2026-08-03,2026-08-03T20:58:21.374788-04:00,Peru,Peru 5.375% 8-Feb-2035 USD,"https://bondblox.com/bond-market/Peru,-Republic-Of-(Government)-US715638EB48",,4.7,,PEN=X,https://finance.yahoo.com/quote/PEN=X/,3.3754000663757324,-0.7235302441672697,1.2460654610592314,2.350575445975611,BondBloX,US Treasury,Yahoo Finance via yfinance,PARTIAL_FAIL,"Bond: BondBloX HTTP error: 403 Client Error: Forbidden for url: https://bondblox.com/bond-market/Peru,-Republic-Of-(Government)-US715638EB48"
2026-08-03,2026-08-03T20:58:22.152407-04:00,Argentina,Argentina 4.125% 9-Jul-2035 USD,"https://bondblox.com/bond-market/Argentina,-Republic-Of-(Government)-US040114HT09",,4.7,,ARS=X,https://finance.yahoo.com/quote/ARS=X/,1494.0,-0.20419295998251874,0.019678926223631876,3.049829534991866,BondBloX,US Treasury,Yahoo Finance via yfinance,PARTIAL_FAIL,"Bond: BondBloX HTTP error: 403 Client Error: Forbidden for url: https://bondblox.com/bond-market/Argentina,-Republic-Of-(Government)-US040114HT09"
2026-08-04,2026-08-04T20:54:02.852753-04:00,Brazil,Brazil 6.625% 15-Mar-2035 USD,"https://bondblox.com/bond-market/Brazil,-Federative-Republic-Of-(Government)-US105756CL22",,4.63,,BRL=X,https://finance.yahoo.com/quote/BRL=X/,5.10290002822876,-0.39285114602294335,-1.572024768969349,-7.505893696691823,BondBloX,US Treasury,Yahoo Finance via yfinance,PARTIAL_FAIL,"Bond: BondBloX HTTP error: 403 Client Error: Forbidden for url: https://bondblox.com/bond-market/Brazil,-Federative-Republic-Of-(Government)-US105756CL22"
2026-08-04,2026-08-04T20:54:04.098946-04:00,Colombia,Colombia 8.500% 25-Apr-2035 USD,"https://bondblox.com/bond-market/Colombia,-Republic-Of-(Government)-US195325ES00",,4.63,,COP=X,https://finance.yahoo.com/quote/COP=X/,3193.739990234375,-0.5409380745727832,-4.7563093245420625,-15.24516883767808,BondBloX,US Treasury,Yahoo Finance via yfinance,PARTIAL_FAIL,"Bond: BondBloX HTTP error: 403 Client Error: Forbidden for url: https://bondblox.com/bond-market/Colombia,-Republic-Of-(Government)-US195325ES00"
2026-08-04,2026-08-04T20:54:04.944595-04:00,Chile,Chile 3.500% 31-Jan-2034 USD,"https://bondblox.com/bond-market/Chile,-Republic-Of-(Government)-US168863DV76",,4.63,,CLP=X,https://finance.yahoo.com/quote/CLP=X/,910.6400146484375,-2.5407211316933576,-1.8262578030252552,1.2227112868360646,BondBloX,US Treasury,Yahoo Finance via yfinance,PARTIAL_FAIL,"Bond: BondBloX HTTP error: 403 Client Error: Forbidden for url: https://bondblox.com/bond-market/Chile,-Republic-Of-(Government)-US168863DV76"
2026-08-04,2026-08-04T20:54:05.822346-04:00,Peru,Peru 5.375% 8-Feb-2035 USD,"https://bondblox.com/bond-market/Peru,-Republic-Of-(Government)-US715638EB48",,4.63,,PEN=X,https://finance.yahoo.com/quote/PEN=X/,3.3922998905181885,-0.2851281608508227,1.9279821502741656,2.8630203982485947,BondBloX,US Treasury,Yahoo Finance via yfinance,PARTIAL_FAIL,"Bond: BondBloX HTTP error: 403 Client Error: Forbidden for url: https://bondblox.com/bond-market/Peru,-Republic-Of-(Government)-US715638EB48"
2026-08-04,2026-08-04T20:54:06.665135-04:00,Argentina,Argentina 4.125% 9-Jul-2035 USD,"https://bondblox.com/bond-market/Argentina,-Republic-Of-(Government)-US040114HT09",,4.63,,ARS=X,https://finance.yahoo.com/quote/ARS=X/,1494.2359619140625,-0.18843124000622602,0.03547600445881205,3.066105194309743,BondBloX,US Treasury,Yahoo Finance via yfinance,PARTIAL_FAIL,"Bond: BondBloX HTTP error: 403 Client Error: Forbidden for url: https://bondblox.com/bond-market/Argentina,-Republic-Of-(Government)-US040114HT09"
2026-08-05,2026-08-05T20:50:59.551772-04:00,Brazil,Brazil 6.625% 15-Mar-2035 USD,"https://bondblox.com/bond-market/Brazil,-Federative-Republic-Of-(Government)-US105756CL22",,4.63,,BRL=X,https://finance.yahoo.com/quote/BRL=X/,5.121600151062012,-0.10726999263785952,-0.9534069157758007,-7.166939153264462,BondBloX,US Treasury,Yahoo Finance via yfinance,PARTIAL_FAIL,"Bond: BondBloX HTTP error: 403 Client Error: Forbidden for url: https://bondblox.com/bond-market/Brazil,-Federative-Republic-Of-(Government)-US105756CL22"
2026-08-05,2026-08-05T20:51:00.386104-04:00,Colombia,Colombia 8.500% 25-Apr-2035 USD,"https://bondblox.com/bond-market/Colombia,-Republic-Of-(Government)-US195325ES00",,4.63,,COP=X,https://finance.yahoo.com/quote/COP=X/,3176.469970703125,-0.755779810117585,-4.843399379012547,-15.703477151447132,BondBloX,US Treasury,Yahoo Finance via yfinance,PARTIAL_FAIL,"Bond: BondBloX HTTP error: 403 Client Error: Forbidden for url: https://bondblox.com/bond-market/Colombia,-Republic-Of-(Government)-US195325ES00"
2026-08-05,2026-08-05T20:51:01.067861-04:00,Chile,Chile 3.500% 31-Jan-2034 USD,"https://bondblox.com/bond-market/Chile,-Republic-Of-(Government)-US168863DV76",,4.63,,CLP=X,https://finance.yahoo.com/quote/CLP=X/,913.25,-2.316797741677612,-1.4290483841088997,1.5128257002753553,BondBloX,US Treasury,Yahoo Finance via yfinance,PARTIAL_FAIL,"Bond: BondBloX HTTP error: 403 Client Error: Forbidden for url: https://bondblox.com/bond-market/Chile,-Republic-Of-(Government)-US168863DV76"
2026-08-05,2026-08-05T20:51:01.730461-04:00,Peru,Peru 5.375% 8-Feb-2035 USD,"https://bondblox.com/bond-market/Peru,-Republic-Of-(Government)-US715638EB48",,4.63,,PEN=X,https://finance.yahoo.com/quote/PEN=X/,3.3828999996185303,-0.5029439785075529,-0.3857452644845605,2.5779921871357026,BondBloX,US Treasury,Yahoo Finance via yfinance,PARTIAL_FAIL,"Bond: BondBloX HTTP error: 403 Client Error: Forbidden for url: https://bondblox.com/bond-market/Peru,-Republic-Of-(Government)-US715638EB48"
2026-08-05,2026-08-05T20:51:02.411225-04:00,Argentina,Argentina 4.125% 9-Jul-2035 USD,"https://bondblox.com/bond-market/Argentina,-Republic-Of-(Government)-US040114HT09",,4.63,,ARS=X,https://finance.yahoo.com/quote/ARS=X/,1496.0,0.0358179403802783,0.26693161834718815,3.1877811140213153,BondBloX,US Treasury,Yahoo Finance via yfinance,PARTIAL_FAIL,"Bond: BondBloX HTTP error: 403 Client Error: Forbidden for url: https://bondblox.com/bond-market/Argentina,-Republic-Of-(Government)-US040114HT09"
2026-08-06,2026-08-06T21:51:21.373931-04:00,Brazil,Brazil 6.625% 15-Mar-2035 USD,"https://bondblox.com/bond-market/Brazil,-Federative-Republic-Of-(Government)-US105756CL22",,4.69,,BRL=X,https://finance.yahoo.com/quote/BRL=X/,5.138500213623047,0.22235226148654696,-0.6265767122829113,-6.860612128551901,BondBloX,US Treasury,Yahoo Finance via yfinance,PARTIAL_FAIL,"Bond: BondBloX HTTP error: 403 Client Error: Forbidden for url: https://bondblox.com/bond-market/Brazil,-Federative-Republic-Of-(Government)-US105756CL22"
2026-08-06,2026-08-06T21:51:22.259749-04:00,Colombia,Colombia 8.500% 25-Apr-2035 USD,"https://bondblox.com/bond-market/Colombia,-Republic-Of-(Government)-US195325ES00",,4.69,,COP=X,https://finance.yahoo.com/quote/COP=X/,3180.93994140625,-0.6161220262270395,-4.70949374763312,-15.584853965651691,BondBloX,US Treasury,Yahoo Finance via yfinance,PARTIAL_FAIL,"Bond: BondBloX HTTP error: 403 Client Error: Forbidden for url: https://bondblox.com/bond-market/Colombia,-Republic-Of-(Government)-US195325ES00"
2026-08-06,2026-08-06T21:51:23.108263-04:00,Chile,Chile 3.500% 31-Jan-2034 USD,"https://bondblox.com/bond-market/Chile,-Republic-Of-(Government)-US168863DV76",,4.69,,CLP=X,https://finance.yahoo.com/quote/CLP=X/,915.2999877929688,-1.0539970951474742,-2.071339942634809,1.740693265033455,BondBloX,US Treasury,Yahoo Finance via yfinance,PARTIAL_FAIL,"Bond: BondBloX HTTP error: 403 Client Error: Forbidden for url: https://bondblox.com/bond-market/Chile,-Republic-Of-(Government)-US168863DV76"
2026-08-06,2026-08-06T21:51:23.918482-04:00,Peru,Peru 5.375% 8-Feb-2035 USD,"https://bondblox.com/bond-market/Peru,-Republic-Of-(Government)-US715638EB48",,4.69,,PEN=X,https://finance.yahoo.com/quote/PEN=X/,3.384000062942505,1.9479212134693835,-0.6459141697289783,2.611348859536533,BondBloX,US Treasury,Yahoo Finance via yfinance,PARTIAL_FAIL,"Bond: BondBloX HTTP error: 403 Client Error: Forbidden for url: https://bondblox.com/bond-market/Peru,-Republic-Of-(Government)-US715638EB48"
2026-08-06,2026-08-06T21:51:24.689379-04:00,Argentina,Argentina 4.125% 9-Jul-2035 USD,"https://bondblox.com/bond-market/Argentina,-Republic-Of-(Government)-US040114HT09",,4.69,,ARS=X,https://finance.yahoo.com/quote/ARS=X/,1496.273681640625,0.05411872031020337,0.2852746787387339,3.206658521259098,BondBloX,US Treasury,Yahoo Finance via yfinance,PARTIAL_FAIL,"Bond: BondBloX HTTP error: 403 Client Error: Forbidden for url: https://bondblox.com/bond-market/Argentina,-Republic-Of-(Government)-US040114HT09"
2026-08-07,2026-08-07T19:58:10.782403-04:00,Brazil,Brazil 6.625% 15-Mar-2035 USD,"https://bondblox.com/bond-market/Brazil,-Federative-Republic-Of-(Government)-US105756CL22",,4.65,,BRL=X,https://finance.yahoo.com/quote/BRL=X/,5.084199905395508,0.12011777401257362,-1.5357786256524841,-7.844848240119173,BondBloX,US Treasury,Yahoo Finance via yfinance,PARTIAL_FAIL,"Bond: BondBloX HTTP error: 403 Client Error: Forbidden for url: https://bondblox.com/bond-market/Brazil,-Federative-Republic-Of-(Government)-US105756CL22"
2026-08-07,2026-08-07T19:58:11.621363-04:00,Colombia,Colombia 8.500% 25-Apr-2035 USD,"https://bondblox.com/bond-market/Colombia,-Republic-Of-(Government)-US195325ES00",,4.65,,COP=X,https://finance.yahoo.com/quote/COP=X/,3152.639892578125,0.9836851438033811,-5.697395799824134,-16.33587498415896,BondBloX,US Treasury,Yahoo Finance via yfinance,PARTIAL_FAIL,"Bond: BondBloX HTTP error: 403 Client Error: Forbidden for url: https://bondblox.com/bond-market/Colombia,-Republic-Of-(Government)-US195325ES00"
2026-08-07,2026-08-07T19:58:12.439819-04:00,Chile,Chile 3.500% 31-Jan-2034 USD,"https://bondblox.com/bond-market/Chile,-Republic-Of-(Government)-US168863DV76",,4.65,,CLP=X,https://finance.yahoo.com/quote/CLP=X/,912.030029296875,-1.4074870188536925,-2.421195354233585,1.377219159518961,BondBloX,US Treasury,Yahoo Finance via yfinance,PARTIAL_FAIL,"Bond: BondBloX HTTP error: 403 Client Error: Forbidden for url: https://bondblox.com/bond-market/Chile,-Republic-Of-(Government)-US168863DV76"
2026-08-07,2026-08-07T19:58:13.206930-04:00,Peru,Peru 5.375% 8-Feb-2035 USD,"https://bondblox.com/bond-market/Peru,-Republic-Of-(Government)-US715638EB48",,4.65,,PEN=X,https://finance.yahoo.com/quote/PEN=X/,3.3822999000549316,1.8967013349562523,-0.6958308737229135,2.5597956668858446,BondBloX,US Treasury,Yahoo Finance via yfinance,PARTIAL_FAIL,"Bond: BondBloX HTTP error: 403 Client Error: Forbidden for url: https://bondblox.com/bond-market/Peru,-Republic-Of-(Government)-US715638EB48"
2026-08-07,2026-08-07T19:58:13.958836-04:00,Argentina,Argentina 4.125% 9-Jul-2035 USD,"https://bondblox.com/bond-market/Argentina,-Republic-Of-(Government)-US040114HT09",,4.65,,ARS=X,https://finance.yahoo.com/quote/ARS=X/,1498.5,0.6381770978338253,0.7404465230559154,3.360220587808116,BondBloX,US Treasury,Yahoo Finance via yfinance,PARTIAL_FAIL,"Bond: BondBloX HTTP error: 403 Client Error: Forbidden for url: https://bondblox.com/bond-market/Argentina,-Republic-Of-(Government)-US040114HT09"
2026-08-10,2026-08-10T20:00:43.491873-04:00,Brazil,Brazil 6.625% 15-Mar-2035 USD,"https://bondblox.com/bond-market/Brazil,-Federative-Republic-Of-(Government)-US105756CL22",,4.72,,BRL=X,https://finance.yahoo.com/quote/BRL=X/,5.082600116729736,0.19516417356544302,-0.9992412624671765,-7.873845677281599,BondBloX,US Treasury,Yahoo Finance via yfinance,PARTIAL_FAIL,"Bond: BondBloX HTTP error: 403 Client Error: Forbidden for url: https://bondblox.com/bond-market/Brazil,-Federative-Republic-Of-(Government)-US105756CL22"
2026-08-10,2026-08-10T20:00:44.921886-04:00,Colombia,Colombia 8.500% 25-Apr-2035 USD,"https://bondblox.com/bond-market/Colombia,-Republic-Of-(Government)-US195325ES00",,4.72,,COP=X,https://finance.yahoo.com/quote/COP=X/,3141.360107421875,-3.108135054207284,-3.7184102259685936,-16.63521565978956,BondBloX,US Treasury,Yahoo Finance via yfinance,PARTIAL_FAIL,"Bond: BondBloX HTTP error: 403 Client Error: Forbidden for url: https://bondblox.com/bond-market/Colombia,-Republic-Of-(Government)-US195325ES00"
2026-08-10,2026-08-10T20:00:45.677574-04:00,Chile,Chile 3.500% 31-Jan-2034 USD,"https://bondblox.com/bond-market/Chile,-Republic-Of-(Government)-US168863DV76",,4.72,,CLP=X,https://finance.yahoo.com/quote/CLP=X/,912.5,-1.132240323833178,-1.559940194819187,1.4294590216274328,BondBloX,US Treasury,Yahoo Finance via yfinance,PARTIAL_FAIL,"Bond: BondBloX HTTP error: 403 Client Error: Forbidden for url: https://bondblox.com/bond-market/Chile,-Republic-Of-(Government)-US168863DV76"
2026-08-10,2026-08-10T20:00:46.438754-04:00,Peru,Peru 5.375% 8-Feb-2035 USD,"https://bondblox.com/bond-market/Peru,-Republic-Of-(Government)-US715638EB48",,4.72,,PEN=X,https://finance.yahoo.com/quote/PEN=X/,3.375999927520752,1.932767422909576,1.3643048709732097,2.3687647367776066,BondBloX,US Treasury,Yahoo Finance via yfinance,PARTIAL_FAIL,"Bond: BondBloX HTTP error: 403 Client Error: Forbidden for url: https://bondblox.com/bond-market/Peru,-Republic-Of-(Government)-US715638EB48"
2026-08-10,2026-08-10T20:00:47.224242-04:00,Argentina,Argentina 4.125% 9-Jul-2035 USD,"https://bondblox.com/bond-market/Argentina,-Republic-Of-(Government)-US040114HT09",,4.72,,ARS=X,https://finance.yahoo.com/quote/ARS=X/,1492.6414794921875,0.6145627374767759,0.3454809849642526,2.956124510393554,BondBloX,US Treasury,Yahoo Finance via yfinance,PARTIAL_FAIL,"Bond: BondBloX HTTP error: 403 Client Error: Forbidden for url: https://bondblox.com/bond-market/Argentina,-Republic-Of-(Government)-US040114HT09"
2026-08-11,2026-08-11T20:06:48.868082-04:00,Brazil,Brazil 6.625% 15-Mar-2035 USD,"https://bondblox.com/bond-market/Brazil,-Federative-Republic-Of-(Government)-US105756CL22",,4.7,,BRL=X,https://finance.yahoo.com/quote/BRL=X/,5.157299995422363,0.2643986286980482,0.1825966065541973,-6.519851187399672,BondBloX,US Treasury,Yahoo Finance via yfinance,PARTIAL_FAIL,"Bond: BondBloX HTTP error: 403 Client Error: Forbidden for url: https://bondblox.com/bond-market/Brazil,-Federative-Republic-Of-(Government)-US105756CL22"
2026-08-11,2026-08-11T20:06:49.775251-04:00,Colombia,Colombia 8.500% 25-Apr-2035 USD,"https://bondblox.com/bond-market/Colombia,-Republic-Of-(Government)-US195325ES00",,4.7,,COP=X,https://finance.yahoo.com/quote/COP=X/,3128.419921875,-2.4642564529284927,-3.3232808922439294,-16.978619707892427,BondBloX,US Treasury,Yahoo Finance via yfinance,PARTIAL_FAIL,"Bond: BondBloX HTTP error: 403 Client Error: Forbidden for url: https://bondblox.com/bond-market/Colombia,-Republic-Of-(Government)-US195325ES00"
2026-08-11,2026-08-11T20:06:50.588178-04:00,Chile,Chile 3.500% 31-Jan-2034 USD,"https://bondblox.com/bond-market/Chile,-Republic-Of-(Government)-US168863DV76",,4.7,,CLP=X,https://finance.yahoo.com/quote/CLP=X/,914.989990234375,-1.0457879859632202,-1.2817336784443523,1.7062353092348825,BondBloX,US Treasury,Yahoo Finance via yfinance,PARTIAL_FAIL,"Bond: BondBloX HTTP error: 403 Client Error: Forbidden for url: https://bondblox.com/bond-market/Chile,-Republic-Of-(Government)-US168863DV76"
2026-08-11,2026-08-11T20:06:51.387316-04:00,Peru,Peru 5.375% 8-Feb-2035 USD,"https://bondblox.com/bond-market/Peru,-Republic-Of-(Government)-US715638EB48",,4.7,,PEN=X,https://finance.yahoo.com/quote/PEN=X/,3.378200054168701,-0.40683684964425426,-0.9325522246795059,2.4354780815792676,BondBloX,US Treasury,Yahoo Finance via yfinance,PARTIAL_FAIL,"Bond: BondBloX HTTP error: 403 Client Error: Forbidden for url: https://bondblox.com/bond-market/Peru,-Republic-Of-(Government)-US715638EB48"
2026-08-11,2026-08-11T20:06:52.178584-04:00,Argentina,Argentina 4.125% 9-Jul-2035 USD,"https://bondblox.com/bond-market/Argentina,-Republic-Of-(Government)-US040114HT09",,4.7,,ARS=X,https://finance.yahoo.com/quote/ARS=X/,1490.5,-0.40175606873696923,0.5062280037758882,2.8084142716903404,BondBloX,US Treasury,Yahoo Finance via yfinance,PARTIAL_FAIL,"Bond: BondBloX HTTP error: 403 Client Error: Forbidden for url: https://bondblox.com/bond-market/Argentina,-Republic-Of-(Government)-US040114HT09"
2026-08-12,2026-08-12T20:07:00.222776-04:00,Brazil,Brazil 6.625% 15-Mar-2035 USD,"https://bondblox.com/bond-market/Brazil,-Federative-Republic-Of-(Government)-US105756CL22",,4.68,,BRL=X,https://finance.yahoo.com/quote/BRL=X/,5.173500061035156,0.5793482802315841,0.4972893022916258,-6.226212162017797,BondBloX,US Treasury,Yahoo Finance via yfinance,PARTIAL_FAIL,"Bond: BondBloX HTTP error: 403 Client Error: Forbidden for url: https://bondblox.com/bond-market/Brazil,-Federative-Republic-Of-(Government)-US105756CL22"
2026-08-12,2026-08-12T20:07:01.193823-04:00,Colombia,Colombia 8.500% 25-Apr-2035 USD,"https://bondblox.com/bond-market/Colombia,-Republic-Of-(Government)-US195325ES00",,4.68,,COP=X,https://finance.yahoo.com/quote/COP=X/,3135.280029296875,-2.2503767005567776,-3.1112848383778147,-16.79656755334188,BondBloX,US Treasury,Yahoo Finance via yfinance,PARTIAL_FAIL,"Bond: BondBloX HTTP error: 403 Client Error: Forbidden for url: https://bondblox.com/bond-market/Colombia,-Republic-Of-(Government)-US195325ES00"
2026-08-12,2026-08-12T20:07:02.120401-04:00,Chile,Chile 3.500% 31-Jan-2034 USD,"https://bondblox.com/bond-market/Chile,-Republic-Of-(Government)-US168863DV76",,4.68,,CLP=X,https://finance.yahoo.com/quote/CLP=X/,913.52001953125,-0.10279316961046003,-1.8248232637023132,1.5428398755958472,BondBloX,US Treasury,Yahoo Finance via yfinance,PARTIAL_FAIL,"Bond: BondBloX HTTP error: 403 Client Error: Forbidden for url: https://bondblox.com/bond-market/Chile,-Republic-Of-(Government)-US168863DV76"
2026-08-12,2026-08-12T20:07:02.927470-04:00,Peru,Peru 5.375% 8-Feb-2035 USD,"https://bondblox.com/bond-market/Peru,-Republic-Of-(Government)-US715638EB48",,4.68,,PEN=X,https://finance.yahoo.com/quote/PEN=X/,3.358099937438965,-0.7360319338545196,-0.9410078607095418,1.8259922507548376,BondBloX,US Treasury,Yahoo Finance via yfinance,PARTIAL_FAIL,"Bond: BondBloX HTTP error: 403 Client Error: Forbidden for url: https://bondblox.com/bond-market/Peru,-Republic-Of-(Government)-US715638EB48"
2026-08-12,2026-08-12T20:07:03.774732-04:00,Argentina,Argentina 4.125% 9-Jul-2035 USD,"https://bondblox.com/bond-market/Argentina,-Republic-Of-(Government)-US040114HT09",,4.68,,ARS=X,https://finance.yahoo.com/quote/ARS=X/,1490.9908447265625,-0.3689568249875208,0.5393262607382043,2.8422706742341264,BondBloX,US Treasury,Yahoo Finance via yfinance,PARTIAL_FAIL,"Bond: BondBloX HTTP error: 403 Client Error: Forbidden for url: https://bondblox.com/bond-market/Argentina,-Republic-Of-(Government)-US040114HT09"
2026-08-13,2026-08-13T20:07:36.292328-04:00,Brazil,Brazil 6.625% 15-Mar-2035 USD,"https://bondblox.com/bond-market/Brazil,-Federative-Republic-Of-(Government)-US105756CL22",,4.63,,BRL=X,https://finance.yahoo.com/quote/BRL=X/,5.195400238037109,1.1073274700507119,2.1128574240166342,-5.829254101214277,BondBloX,US Treasury,Yahoo Finance via yfinance,PARTIAL_FAIL,"Bond: BondBloX HTTP error: 403 Client Error: Forbidden for url: https://bondblox.com/bond-market/Brazil,-Federative-Republic-Of-(Government)-US105756CL22"
2026-08-13,2026-08-13T20:07:38.098856-04:00,Colombia,Colombia 8.500% 25-Apr-2035 USD,"https://bondblox.com/bond-market/Colombia,-Republic-Of-(Government)-US195325ES00",,4.63,,COP=X,https://finance.yahoo.com/quote/COP=X/,3146.159912109375,-1.0933884303863772,-3.494101472098887,-16.507839405885015,BondBloX,US Treasury,Yahoo Finance via yfinance,PARTIAL_FAIL,"Bond: BondBloX HTTP error: 403 Client Error: Forbidden for url: https://bondblox.com/bond-market/Colombia,-Republic-Of-(Government)-US195325ES00"
2026-08-13,2026-08-13T20:07:38.839761-04:00,Chile,Chile 3.500% 31-Jan-2034 USD,"https://bondblox.com/bond-market/Chile,-Republic-Of-(Government)-US168863DV76",,4.63,,CLP=X,https://finance.yahoo.com/quote/CLP=X/,914.0900268554688,0.06239680707942341,-1.184796614467165,1.6061993654959972,BondBloX,US Treasury,Yahoo Finance via yfinance,PARTIAL_FAIL,"Bond: BondBloX HTTP error: 403 Client Error: Forbidden for url: https://bondblox.com/bond-market/Chile,-Republic-Of-(Government)-US168863DV76"
2026-08-13,2026-08-13T20:07:39.617517-04:00,Peru,Peru 5.375% 8-Feb-2035 USD,"https://bondblox.com/bond-market/Peru,-Republic-Of-(Government)-US715638EB48",,4.63,,PEN=X,https://finance.yahoo.com/quote/PEN=X/,3.374300003051758,1.939853869911956,1.6803490894753415,2.3172187735747807,BondBloX,US Treasury,Yahoo Finance via yfinance,PARTIAL_FAIL,"Bond: BondBloX HTTP error: 403 Client Error: Forbidden for url: https://bondblox.com/bond-market/Peru,-Republic-Of-(Government)-US715638EB48"
2026-08-13,2026-08-13T20:07:40.361984-04:00,Argentina,Argentina 4.125% 9-Jul-2035 USD,"https://bondblox.com/bond-market/Argentina,-Republic-Of-(Government)-US040114HT09",,4.63,,ARS=X,https://finance.yahoo.com/quote/ARS=X/,1492.49609375,-0.2524663727616283,1.4973491541491857,2.9460964140419987,BondBloX,US Treasury,Yahoo Finance via yfinance,PARTIAL_FAIL,"Bond: BondBloX HTTP error: 403 Client Error: Forbidden for url: https://bondblox.com/bond-market/Argentina,-Republic-Of-(Government)-US040114HT09"
2026-08-14,2026-08-14T19:47:10.944206-04:00,Brazil,Brazil 6.625% 15-Mar-2035 USD,"https://bondblox.com/bond-market/Brazil,-Federative-Republic-Of-(Government)-US105756CL22",,4.68,,BRL=X,https://finance.yahoo.com/quote/BRL=X/,5.226500034332275,2.0442049593559997,2.6635779824849104,-5.265545651387016,BondBloX,US Treasury,Yahoo Finance via yfinance,PARTIAL_FAIL,"Bond: BondBloX HTTP error: 403 Client Error: Forbidden for url: https://bondblox.com/bond-market/Brazil,-Federative-Republic-Of-(Government)-US105756CL22"
2026-08-14,2026-08-14T19:47:12.822467-04:00,Colombia,Colombia 8.500% 25-Apr-2035 USD,"https://bondblox.com/bond-market/Colombia,-Republic-Of-(Government)-US195325ES00",,4.68,,COP=X,https://finance.yahoo.com/quote/COP=X/,3133.52001953125,-0.7100890258905479,-3.2565600638700176,-16.843274339425196,BondBloX,US Treasury,Yahoo Finance via yfinance,PARTIAL_FAIL,"Bond: BondBloX HTTP error: 403 Client Error: Forbidden for url: https://bondblox.com/bond-market/Colombia,-Republic-Of-(Government)-US195325ES00"
2026-08-14,2026-08-14T19:47:13.488062-04:00,Chile,Chile 3.500% 31-Jan-2034 USD,"https://bondblox.com/bond-market/Chile,-Republic-Of-(Government)-US168863DV76",,4.68,,CLP=X,https://finance.yahoo.com/quote/CLP=X/,914.4500122070312,-0.10159635023929692,-1.084930823124275,1.6462137429915424,BondBloX,US Treasury,Yahoo Finance via yfinance,PARTIAL_FAIL,"Bond: BondBloX HTTP error: 403 Client Error: Forbidden for url: https://bondblox.com/bond-market/Chile,-Republic-Of-(Government)-US168863DV76"
2026-08-14,2026-08-14T19:47:14.197988-04:00,Peru,Peru 5.375% 8-Feb-2035 USD,"https://bondblox.com/bond-market/Peru,-Republic-Of-(Government)-US715638EB48",,4.68,,PEN=X,https://finance.yahoo.com/quote/PEN=X/,3.36899995803833,1.7797359747383945,1.5206388009213034,2.1565081477684656,BondBloX,US Treasury,Yahoo Finance via yfinance,PARTIAL_FAIL,"Bond: BondBloX HTTP error: 403 Client Error: Forbidden for url: https://bondblox.com/bond-market/Peru,-Republic-Of-(Government)-US715638EB48"
2026-08-14,2026-08-14T19:47:14.876014-04:00,Argentina,Argentina 4.125% 9-Jul-2035 USD,"https://bondblox.com/bond-market/Argentina,-Republic-Of-(Government)-US040114HT09",,4.68,,ARS=X,https://finance.yahoo.com/quote/ARS=X/,1487.5,-0.8169642580985848,0.778182634983593,2.6014869031461885,BondBloX,US Treasury,Yahoo Finance via yfinance,PARTIAL_FAIL,"Bond: BondBloX HTTP error: 403 Client Error: Forbidden for url: https://bondblox.com/bond-market/Argentina,-Republic-Of-(Government)-US040114HT09"
2026-08-17,2026-08-17T19:46:29.317713-04:00,Brazil,Brazil 6.625% 15-Mar-2035 USD,"https://bondblox.com/bond-market/Brazil,-Federative-Republic-Of-(Government)-US105756CL22",,4.72,,BRL=X,https://finance.yahoo.com/quote/BRL=X/,5.221700191497803,2.736789666183048,2.113978781789916,-5.352546605925612,BondBloX,US Treasury,Yahoo Finance via yfinance,PARTIAL_FAIL,"Bond: BondBloX HTTP error: 403 Client Error: Forbidden for url: https://bondblox.com/bond-market/Brazil,-Federative-Republic-Of-(Government)-US105756CL22"
2026-08-17,2026-08-17T19:46:30.709248-04:00,Colombia,Colombia 8.500% 25-Apr-2035 USD,"https://bondblox.com/bond-market/Colombia,-Republic-Of-(Government)-US195325ES00",,4.72,,COP=X,https://finance.yahoo.com/quote/COP=X/,3130.050048828125,-0.8200398416021271,-3.363690990178292,-16.935359725831354,BondBloX,US Treasury,Yahoo Finance via yfinance,PARTIAL_FAIL,"Bond: BondBloX HTTP error: 403 Client Error: Forbidden for url: https://bondblox.com/bond-market/Colombia,-Republic-Of-(Government)-US195325ES00"
2026-08-17,2026-08-17T19:46:31.559736-04:00,Chile,Chile 3.500% 31-Jan-2034 USD,"https://bondblox.com/bond-market/Chile,-Republic-Of-(Government)-US168863DV76",,4.72,,CLP=X,https://finance.yahoo.com/quote/CLP=X/,913.0999755859375,0.06575074914383361,-1.1935581832205222,1.4961496507867045,BondBloX,US Treasury,Yahoo Finance via yfinance,PARTIAL_FAIL,"Bond: BondBloX HTTP error: 403 Client Error: Forbidden for url: https://bondblox.com/bond-market/Chile,-Republic-Of-(Government)-US168863DV76"
2026-08-17,2026-08-17T19:46:32.281625-04:00,Peru,Peru 5.375% 8-Feb-2035 USD,"https://bondblox.com/bond-market/Peru,-Republic-Of-(Government)-US715638EB48",,4.72,,PEN=X,https://finance.yahoo.com/quote/PEN=X/,3.365499973297119,1.696955689848978,1.4277922294975376,2.050379853263906,BondBloX,US Treasury,Yahoo Finance via yfinance,PARTIAL_FAIL,"Bond: BondBloX HTTP error: 403 Client Error: Forbidden for url: https://bondblox.com/bond-market/Peru,-Republic-Of-(Government)-US715638EB48"
2026-08-17,2026-08-17T19:46:33.395455-04:00,Argentina,Argentina 4.125% 9-Jul-2035 USD,"https://bondblox.com/bond-market/Argentina,-Republic-Of-(Government)-US040114HT09",,4.72,,ARS=X,https://finance.yahoo.com/quote/ARS=X/,1489.5999755859375,-0.20376654059518495,0.9556734314595694,2.746334377147863,BondBloX,US Treasury,Yahoo Finance via yfinance,PARTIAL_FAIL,"Bond: BondBloX HTTP error: 403 Client Error: Forbidden for url: https://bondblox.com/bond-market/Argentina,-Republic-Of-(Government)-US040114HT09"
2026-08-18,2026-08-18T19:46:19.416864-04:00,Brazil,Brazil 6.625% 15-Mar-2035 USD,"https://bondblox.com/bond-market/Brazil,-Federative-Republic-Of-(Government)-US105756CL22",,4.71,,BRL=X,https://finance.yahoo.com/quote/BRL=X/,5.202499866485596,1.8899318625281936,1.4725963249218932,-5.700567710182591,BondBloX,US Treasury,Yahoo Finance via yfinance,PARTIAL_FAIL,"Bond: BondBloX HTTP error: 403 Client Error: Forbidden for url: https://bondblox.com/bond-market/Brazil,-Federative-Republic-Of-(Government)-US105756CL22"
2026-08-18,2026-08-18T19:46:20.406806-04:00,Colombia,Colombia 8.500% 25-Apr-2035 USD,"https://bondblox.com/bond-market/Colombia,-Republic-Of-(Government)-US195325ES00",,4.71,,COP=X,https://finance.yahoo.com/quote/COP=X/,3132.97998046875,-0.20576794135473975,-4.154163133262356,-16.85760578772818,BondBloX,US Treasury,Yahoo Finance via yfinance,PARTIAL_FAIL,"Bond: BondBloX HTTP error: 403 Client Error: Forbidden for url: https://bondblox.com/bond-market/Colombia,-Republic-Of-(Government)-US195325ES00"
2026-08-18,2026-08-18T19:46:21.183544-04:00,Chile,Chile 3.500% 31-Jan-2034 USD,"https://bondblox.com/bond-market/Chile,-Republic-Of-(Government)-US168863DV76",,4.71,,CLP=X,https://finance.yahoo.com/quote/CLP=X/,914.7899780273438,0.2509564961472588,-1.0106832162270485,1.6840028380492367,BondBloX,US Treasury,Yahoo Finance via yfinance,PARTIAL_FAIL,"Bond: BondBloX HTTP error: 403 Client Error: Forbidden for url: https://bondblox.com/bond-market/Chile,-Republic-Of-(Government)-US168863DV76"
2026-08-18,2026-08-18T19:46:21.974203-04:00,Peru,Peru 5.375% 8-Feb-2035 USD,"https://bondblox.com/bond-market/Peru,-Republic-Of-(Government)-US715638EB48",,4.71,,PEN=X,https://finance.yahoo.com/quote/PEN=X/,3.3654000759124756,-0.3730001477235345,1.3458296390531865,2.047350714612839,BondBloX,US Treasury,Yahoo Finance via yfinance,PARTIAL_FAIL,"Bond: BondBloX HTTP error: 403 Client Error: Forbidden for url: https://bondblox.com/bond-market/Peru,-Republic-Of-(Government)-US715638EB48"
2026-08-18,2026-08-18T19:46:22.821291-04:00,Argentina,Argentina 4.125% 9-Jul-2035 USD,"https://bondblox.com/bond-market/Argentina,-Republic-Of-(Government)-US040114HT09",,4.71,,ARS=X,https://finance.yahoo.com/quote/ARS=X/,1487.8714599609375,-0.7001702542146826,3.9350223787892435,2.6271086472249516,BondBloX,US Treasury,Yahoo Finance via yfinance,PARTIAL_FAIL,"Bond: BondBloX HTTP error: 403 Client Error: Forbidden for url: https://bondblox.com/bond-market/Argentina,-Republic-Of-(Government)-US040114HT09"
2026-08-19,2026-08-19T19:46:31.733002-04:00,Brazil,Brazil 6.625% 15-Mar-2035 USD,"https://bondblox.com/bond-market/Brazil,-Federative-Republic-Of-(Government)-US105756CL22",,4.65,,BRL=X,https://finance.yahoo.com/quote/BRL=X/,5.214300155639648,2.1210381938536305,1.7027560574689682,-5.486678119285859,BondBloX,US Treasury,Yahoo Finance via yfinance,PARTIAL_FAIL,"Bond: BondBloX HTTP error: 403 Client Error: Forbidden for url: https://bondblox.com/bond-market/Brazil,-Federative-Republic-Of-(Government)-US105756CL22"
2026-08-19,2026-08-19T19:46:33.026398-04:00,Colombia,Colombia 8.500% 25-Apr-2035 USD,"https://bondblox.com/bond-market/Colombia,-Republic-Of-(Government)-US195325ES00",,4.65,,COP=X,https://finance.yahoo.com/quote/COP=X/,3048.35009765625,-2.7726369200941847,-6.379468695149681,-19.103496640143558,BondBloX,US Treasury,Yahoo Finance via yfinance,PARTIAL_FAIL,"Bond: BondBloX HTTP error: 403 Client Error: Forbidden for url: https://bondblox.com/bond-market/Colombia,-Republic-Of-(Government)-US195325ES00"
2026-08-19,2026-08-19T19:46:33.925866-04:00,Chile,Chile 3.500% 31-Jan-2034 USD,"https://bondblox.com/bond-market/Chile,-Republic-Of-(Government)-US168863DV76",,4.65,,CLP=X,https://finance.yahoo.com/quote/CLP=X/,922.9400024414062,0.8688632981651345,-1.1820358314107549,2.589923459782284,BondBloX,US Treasury,Yahoo Finance via yfinance,PARTIAL_FAIL,"Bond: BondBloX HTTP error: 403 Client Error: Forbidden for url: https://bondblox.com/bond-market/Chile,-Republic-Of-(Government)-US168863DV76"
2026-08-19,2026-08-19T19:46:34.748019-04:00,Peru,Peru 5.375% 8-Feb-2035 USD,"https://bondblox.com/bond-market/Peru,-Republic-Of-(Government)-US715638EB48",,4.65,,PEN=X,https://finance.yahoo.com/quote/PEN=X/,3.3633999824523926,0.16080828867364172,-0.901593119383215,1.9867028765611527,BondBloX,US Treasury,Yahoo Finance via yfinance,PARTIAL_FAIL,"Bond: BondBloX HTTP error: 403 Client Error: Forbidden for url: https://bondblox.com/bond-market/Peru,-Republic-Of-(Government)-US715638EB48"
2026-08-19,2026-08-19T19:46:35.586159-04:00,Argentina,Argentina 4.125% 9-Jul-2035 USD,"https://bondblox.com/bond-market/Argentina,-Republic-Of-(Government)-US040114HT09",,4.65,,ARS=X,https://finance.yahoo.com/quote/ARS=X/,1494.9962158203125,-0.22466745517933928,4.432721057482203,3.1185443077249797,BondBloX,US Treasury,Yahoo Finance via yfinance,PARTIAL_FAIL,"Bond: BondBloX HTTP error: 403 Client Error: Forbidden for url: https://bondblox.com/bond-market/Argentina,-Republic-Of-(Government)-US040114HT09"
2026-08-20,2026-08-20T19:50:06.135912-04:00,Brazil,Brazil 6.625% 15-Mar-2035 USD,"https://bondblox.com/bond-market/Brazil,-Federative-Republic-Of-(Government)-US105756CL22",,4.69,,BRL=X,https://finance.yahoo.com/quote/BRL=X/,5.176700115203857,0.06185472370634493,1.4164241642201647,-6.168208644641638,BondBloX,US Treasury,Yahoo Finance via yfinance,PARTIAL_FAIL,"Bond: BondBloX HTTP error: 403 Client Error: Forbidden for url: https://bondblox.com/bond-market/Brazil,-Federative-Republic-Of-(Government)-US105756CL22"
2026-08-20,2026-08-20T19:50:07.107568-04:00,Colombia,Colombia 8.500% 25-Apr-2035 USD,"https://bondblox.com/bond-market/Colombia,-Republic-Of-(Government)-US195325ES00",,4.69,,COP=X,https://finance.yahoo.com/quote/COP=X/,3064.14990234375,-2.6066701012231963,-5.059723661054183,-18.684204592957066,BondBloX,US Treasury,Yahoo Finance via yfinance,PARTIAL_FAIL,"Bond: BondBloX HTTP error: 403 Client Error: Forbidden for url: https://bondblox.com/bond-market/Colombia,-Republic-Of-(Government)-US195325ES00"
2026-08-20,2026-08-20T19:50:07.951039-04:00,Chile,Chile 3.500% 31-Jan-2034 USD,"https://bondblox.com/bond-market/Chile,-Republic-Of-(Government)-US168863DV76",,4.69,,CLP=X,https://finance.yahoo.com/quote/CLP=X/,921.1599731445312,0.8363203268606512,-1.3515020407800393,2.3920632859470325,BondBloX,US Treasury,Yahoo Finance via yfinance,PARTIAL_FAIL,"Bond: BondBloX HTTP error: 403 Client Error: Forbidden for url: https://bondblox.com/bond-market/Chile,-Republic-Of-(Government)-US168863DV76"
2026-08-20,2026-08-20T19:50:08.824859-04:00,Peru,Peru 5.375% 8-Feb-2035 USD,"https://bondblox.com/bond-market/Peru,-Republic-Of-(Government)-US715638EB48",,4.69,,PEN=X,https://finance.yahoo.com/quote/PEN=X/,3.3522000312805176,1.3436617261543882,-1.376872583679556,1.6470923341465271,BondBloX,US Treasury,Yahoo Finance via yfinance,PARTIAL_FAIL,"Bond: BondBloX HTTP error: 403 Client Error: Forbidden for url: https://bondblox.com/bond-market/Peru,-Republic-Of-(Government)-US715638EB48"
2026-08-20,2026-08-20T19:50:09.671220-04:00,Argentina,Argentina 4.125% 9-Jul-2035 USD,"https://bondblox.com/bond-market/Argentina,-Republic-Of-(Government)-US040114HT09",,4.69,,ARS=X,https://finance.yahoo.com/quote/ARS=X/,1497.25390625,0.4200603609062492,1.0617599167875191,3.2742702875925067,BondBloX,US Treasury,Yahoo Finance via yfinance,PARTIAL_FAIL,"Bond: BondBloX HTTP error: 403 Client Error: Forbidden for url: https://bondblox.com/bond-market/Argentina,-Republic-Of-(Government)-US040114HT09"
2026-08-21,2026-08-21T19:48:16.969691-04:00,Brazil,Brazil 6.625% 15-Mar-2035 USD,"https://bondblox.com/bond-market/Brazil,-Federative-Republic-Of-(Government)-US105756CL22",,4.74,,BRL=X,https://finance.yahoo.com/quote/BRL=X/,5.136600017547607,-1.2154313006664696,1.4639429726847286,-6.89505468804289,BondBloX,US Treasury,Yahoo Finance via yfinance,PARTIAL_FAIL,"Bond: BondBloX HTTP error: 403 Client Error: Forbidden for url: https://bondblox.com/bond-market/Brazil,-Federative-Republic-Of-(Government)-US105756CL22"
2026-08-21,2026-08-21T19:48:17.806623-04:00,Colombia,Colombia 8.500% 25-Apr-2035 USD,"https://bondblox.com/bond-market/Colombia,-Republic-Of-(Government)-US195325ES00",,4.74,,COP=X,https://finance.yahoo.com/quote/COP=X/,3038.199951171875,-2.934460990188903,-5.430095294373882,-19.37285919131758,BondBloX,US Treasury,Yahoo Finance via yfinance,PARTIAL_FAIL,"Bond: BondBloX HTTP error: 403 Client Error: Forbidden for url: https://bondblox.com/bond-market/Colombia,-Republic-Of-(Government)-US195325ES00"
2026-08-21,2026-08-21T19:48:18.452301-04:00,Chile,Chile 3.500% 31-Jan-2034 USD,"https://bondblox.com/bond-market/Chile,-Republic-Of-(Government)-US168863DV76",,4.74,,CLP=X,https://finance.yahoo.com/quote/CLP=X/,914.280029296875,0.030637778651532166,-2.3142480381254216,1.6273191954627064,BondBloX,US Treasury,Yahoo Finance via yfinance,PARTIAL_FAIL,"Bond: BondBloX HTTP error: 403 Client Error: Forbidden for url: https://bondblox.com/bond-market/Chile,-Republic-Of-(Government)-US168863DV76"
2026-08-21,2026-08-21T19:48:19.109349-04:00,Peru,Peru 5.375% 8-Feb-2035 USD,"https://bondblox.com/bond-market/Peru,-Republic-Of-(Government)-US715638EB48",,4.74,,PEN=X,https://finance.yahoo.com/quote/PEN=X/,3.3519999980926514,1.3376143257797235,-1.3827576437566158,1.6410268273965745,BondBloX,US Treasury,Yahoo Finance via yfinance,PARTIAL_FAIL,"Bond: BondBloX HTTP error: 403 Client Error: Forbidden for url: https://bondblox.com/bond-market/Peru,-Republic-Of-(Government)-US715638EB48"
2026-08-21,2026-08-21T19:48:19.749071-04:00,Argentina,Argentina 4.125% 9-Jul-2035 USD,"https://bondblox.com/bond-market/Argentina,-Republic-Of-(Government)-US040114HT09",,4.74,,ARS=X,https://finance.yahoo.com/quote/ARS=X/,1499.0,0.4866313048573101,1.122452063461421,3.394708482565467,BondBloX,US Treasury,Yahoo Finance via yfinance,PARTIAL_FAIL,"Bond: BondBloX HTTP error: 403 Client Error: Forbidden for url: https://bondblox.com/bond-market/Argentina,-Republic-Of-(Government)-US040114HT09"
2026-08-24,2026-08-24T19:46:16.659893-04:00,Brazil,Brazil 6.625% 15-Mar-2035 USD,"https://bondblox.com/bond-market/Brazil,-Federative-Republic-Of-(Government)-US105756CL22",,4.7,,BRL=X,https://finance.yahoo.com/quote/BRL=X/,5.13730001449585,-1.6163351764120315,0.7926392186939468,-6.882366688712205,BondBloX,US Treasury,Yahoo Finance via yfinance,PARTIAL_FAIL,"Bond: BondBloX HTTP error: 403 Client Error: Forbidden for url: https://bondblox.com/bond-market/Brazil,-Federative-Republic-Of-(Government)-US105756CL22"
2026-08-24,2026-08-24T19:46:17.566010-04:00,Colombia,Colombia 8.500% 25-Apr-2035 USD,"https://bondblox.com/bond-market/Colombia,-Republic-Of-(Government)-US195325ES00",,4.7,,COP=X,https://finance.yahoo.com/quote/COP=X/,3056.35009765625,-2.445910388518824,-4.991119392207155,-18.891194245029407,BondBloX,US Treasury,Yahoo Finance via yfinance,PARTIAL_FAIL,"Bond: BondBloX HTTP error: 403 Client Error: Forbidden for url: https://bondblox.com/bond-market/Colombia,-Republic-Of-(Government)-US195325ES00"
2026-08-24,2026-08-24T19:46:18.349801-04:00,Chile,Chile 3.500% 31-Jan-2034 USD,"https://bondblox.com/bond-market/Chile,-Republic-Of-(Government)-US168863DV76",,4.7,,CLP=X,https://finance.yahoo.com/quote/CLP=X/,921.1300048828125,0.879424982102539,-2.2040800351168066,2.388732146687911,BondBloX,US Treasury,Yahoo Finance via yfinance,PARTIAL_FAIL,"Bond: BondBloX HTTP error: 403 Client Error: Forbidden for url: https://bondblox.com/bond-market/Chile,-Republic-Of-(Government)-US168863DV76"
2026-08-24,2026-08-24T19:46:19.121832-04:00,Peru,Peru 5.375% 8-Feb-2035 USD,"https://bondblox.com/bond-market/Peru,-Republic-Of-(Government)-US715638EB48",,4.7,,PEN=X,https://finance.yahoo.com/quote/PEN=X/,3.3515000343322754,1.641797444380022,0.5282139870937952,1.625866675245602,BondBloX,US Treasury,Yahoo Finance via yfinance,PARTIAL_FAIL,"Bond: BondBloX HTTP error: 403 Client Error: Forbidden for url: https://bondblox.com/bond-market/Peru,-Republic-Of-(Government)-US715638EB48"
2026-08-24,2026-08-24T19:46:19.879291-04:00,Argentina,Argentina 4.125% 9-Jul-2035 USD,"https://bondblox.com/bond-market/Argentina,-Republic-Of-(Government)-US040114HT09",,4.7,,ARS=X,https://finance.yahoo.com/quote/ARS=X/,1500.016845703125,0.699306544570133,0.7399565121116503,3.464846217753159,BondBloX,US Treasury,Yahoo Finance via yfinance,PARTIAL_FAIL,"Bond: BondBloX HTTP error: 403 Client Error: Forbidden for url: https://bondblox.com/bond-market/Argentina,-Republic-Of-(Government)-US040114HT09"
